id,title,blTitle,url,floor,ns
19597,ビッグバン,-,https://ja.wikipedia.org/wiki/ビッグバン,0,0
112,物理学,ビッグバン,https://ja.wikipedia.org/wiki/物理学,1,0
653,年表,ビッグバン,https://ja.wikipedia.org/wiki/年表,1,0
1214,宇宙論,ビッグバン,https://ja.wikipedia.org/wiki/宇宙論,1,0
1481,ノーベル物理学賞,ビッグバン,https://ja.wikipedia.org/wiki/ノーベル物理学賞,1,0
3674,金属,ビッグバン,https://ja.wikipedia.org/wiki/金属,1,0
3957,宇宙,ビッグバン,https://ja.wikipedia.org/wiki/宇宙,1,0
3974,時間,ビッグバン,https://ja.wikipedia.org/wiki/時間,1,0
4021,スティーヴン・ホーキング,ビッグバン,https://ja.wikipedia.org/wiki/スティーヴン・ホーキング,1,0
4590,物質,ビッグバン,https://ja.wikipedia.org/wiki/物質,1,0
4630,物理定数,ビッグバン,https://ja.wikipedia.org/wiki/物理定数,1,0
12,地理学,宇宙,https://ja.wikipedia.org/wiki/地理学,2,0
42,生物,宇宙,https://ja.wikipedia.org/wiki/生物,2,0
57,生物学,物理学,https://ja.wikipedia.org/wiki/生物学,2,0
67,自然言語処理,時間,https://ja.wikipedia.org/wiki/自然言語処理,2,0
99,音楽,時間,https://ja.wikipedia.org/wiki/音楽,2,0
109,ロシア,宇宙,https://ja.wikipedia.org/wiki/ロシア,2,0
110,哲学,物理学,https://ja.wikipedia.org/wiki/哲学,2,0
111,ブラックミュージック,時間,https://ja.wikipedia.org/wiki/ブラックミュージック,2,0
117,ソクラテス,宇宙,https://ja.wikipedia.org/wiki/ソクラテス,2,0
125,宝石,金属,https://ja.wikipedia.org/wiki/宝石,2,0
140,音楽のジャンル一覧,時間,https://ja.wikipedia.org/wiki/音楽のジャンル一覧,2,0
172,画像,金属,https://ja.wikipedia.org/wiki/画像,2,0
173,ピアノ,時間,https://ja.wikipedia.org/wiki/ピアノ,2,0
197,記録,時間,https://ja.wikipedia.org/wiki/記録,2,0
227,士郎正宗,宇宙論,https://ja.wikipedia.org/wiki/士郎正宗,2,0
241,車田正美,物理学,https://ja.wikipedia.org/wiki/車田正美,2,0
312,数学,物理学,https://ja.wikipedia.org/wiki/数学,2,0
448,山梨県,金属,https://ja.wikipedia.org/wiki/山梨県,2,0
583,1984年,年表,https://ja.wikipedia.org/wiki/1984年,2,0
634,パンパイプ,金属,https://ja.wikipedia.org/wiki/パンパイプ,2,0
689,特殊相対性理論,物理学,https://ja.wikipedia.org/wiki/特殊相対性理論,2,0
778,1988年,年表,https://ja.wikipedia.org/wiki/1988年,2,0
797,プラモデル,金属,https://ja.wikipedia.org/wiki/プラモデル,2,0
813,2001年,年表,https://ja.wikipedia.org/wiki/2001年,2,0
818,ヒジュラ暦,年表,https://ja.wikipedia.org/wiki/ヒジュラ暦,2,0
819,太陰暦,年表,https://ja.wikipedia.org/wiki/太陰暦,2,0
822,太陽暦,年表,https://ja.wikipedia.org/wiki/太陽暦,2,0
823,グレゴリオ暦,年表,https://ja.wikipedia.org/wiki/グレゴリオ暦,2,0
824,閏年,年表,https://ja.wikipedia.org/wiki/閏年,2,0
858,暦,年表,https://ja.wikipedia.org/wiki/暦,2,0
859,ニュートリノ天文学,ノーベル物理学賞,https://ja.wikipedia.org/wiki/ニュートリノ天文学,2,0
879,カミオカンデ,ノーベル物理学賞,https://ja.wikipedia.org/wiki/カミオカンデ,2,0
880,スーパーカミオカンデ,物理学,https://ja.wikipedia.org/wiki/スーパーカミオカンデ,2,0
881,カムランド,ノーベル物理学賞,https://ja.wikipedia.org/wiki/カムランド,2,0
897,1982年,年表,https://ja.wikipedia.org/wiki/1982年,2,0
898,1973年,ノーベル物理学賞,https://ja.wikipedia.org/wiki/1973年,2,0
988,統計図表,物理学,https://ja.wikipedia.org/wiki/統計図表,2,0
991,グラフ理論,物理学,https://ja.wikipedia.org/wiki/グラフ理論,2,0
1002,認識論,物理学,https://ja.wikipedia.org/wiki/認識論,2,0
1031,統計学,物理学,https://ja.wikipedia.org/wiki/統計学,2,0
1109,化学,物質,https://ja.wikipedia.org/wiki/化学,2,0
1110,経済学,宇宙,https://ja.wikipedia.org/wiki/経済学,2,0
1112,機械工学,金属,https://ja.wikipedia.org/wiki/機械工学,2,0
1120,熱力学,宇宙,https://ja.wikipedia.org/wiki/熱力学,2,0
1123,電磁気学,宇宙,https://ja.wikipedia.org/wiki/電磁気学,2,0
1126,超伝導,金属,https://ja.wikipedia.org/wiki/超伝導,2,0
1132,バンド理論,金属,https://ja.wikipedia.org/wiki/バンド理論,2,0
1150,博物学,宇宙論,https://ja.wikipedia.org/wiki/博物学,2,0
1180,物性物理学,物質,https://ja.wikipedia.org/wiki/物性物理学,2,0
1189,バンド計算,金属,https://ja.wikipedia.org/wiki/バンド計算,2,0
1275,恒星,宇宙,https://ja.wikipedia.org/wiki/恒星,2,0
1390,地質学,物質,https://ja.wikipedia.org/wiki/地質学,2,0
1432,老子,宇宙,https://ja.wikipedia.org/wiki/老子,2,0
1450,小柴昌俊,スティーヴン・ホーキング,https://ja.wikipedia.org/wiki/小柴昌俊,2,0
1547,2000年,宇宙論,https://ja.wikipedia.org/wiki/2000年,2,0
1658,1960年代,スティーヴン・ホーキング,https://ja.wikipedia.org/wiki/1960年代,2,0
1940,中つ国 (トールキン),宇宙論,https://ja.wikipedia.org/wiki/中つ国 (トールキン),2,0
2551,1942年,スティーヴン・ホーキング,https://ja.wikipedia.org/wiki/1942年,2,0
2742,1月8日,スティーヴン・ホーキング,https://ja.wikipedia.org/wiki/1月8日,2,0
3476,アインシュタイン方程式,スティーヴン・ホーキング,https://ja.wikipedia.org/wiki/アインシュタイン方程式,2,0
3489,物理学者の一覧,スティーヴン・ホーキング,https://ja.wikipedia.org/wiki/物理学者の一覧,2,0
3963,存在,物理定数,https://ja.wikipedia.org/wiki/存在,2,0
4008,アルベルト・アインシュタイン,宇宙論,https://ja.wikipedia.org/wiki/アルベルト・アインシュタイン,2,0
5255,ヴィルヘルム・レントゲン,物理定数,https://ja.wikipedia.org/wiki/ヴィルヘルム・レントゲン,2,0
6163,中性子,物理定数,https://ja.wikipedia.org/wiki/中性子,2,0
6675,プランク定数,物理定数,https://ja.wikipedia.org/wiki/プランク定数,2,0
7383,電磁波,物理定数,https://ja.wikipedia.org/wiki/電磁波,2,0
8858,自然,物理定数,https://ja.wikipedia.org/wiki/自然,2,0
9459,非経験的分子軌道法,物理定数,https://ja.wikipedia.org/wiki/非経験的分子軌道法,2,0
10,言語,地理学,https://ja.wikipedia.org/wiki/言語,3,0
11,日本語,1960年代,https://ja.wikipedia.org/wiki/日本語,3,0
23,国の一覧,地理学,https://ja.wikipedia.org/wiki/国の一覧,3,0
31,パリ,ロシア,https://ja.wikipedia.org/wiki/パリ,3,0
32,ヨーロッパ,ロシア,https://ja.wikipedia.org/wiki/ヨーロッパ,3,0
47,社会学,経済学,https://ja.wikipedia.org/wiki/社会学,3,0
48,古代エジプト,太陽暦,https://ja.wikipedia.org/wiki/古代エジプト,3,0
49,エジプト,ロシア,https://ja.wikipedia.org/wiki/エジプト,3,0
53,著作権の保護期間,1984年,https://ja.wikipedia.org/wiki/著作権の保護期間,3,0
55,台東区,博物学,https://ja.wikipedia.org/wiki/台東区,3,0
56,地理,地理学,https://ja.wikipedia.org/wiki/地理,3,0
59,こどもの文化,プラモデル,https://ja.wikipedia.org/wiki/こどもの文化,3,0
60,特撮,2000年,https://ja.wikipedia.org/wiki/特撮,3,0
62,日常生活,地理学,https://ja.wikipedia.org/wiki/日常生活,3,0
64,形式言語,哲学,https://ja.wikipedia.org/wiki/形式言語,3,0
68,自然言語,自然言語処理,https://ja.wikipedia.org/wiki/自然言語,3,0
69,プログラミング言語,自然言語処理,https://ja.wikipedia.org/wiki/プログラミング言語,3,0
70,人工知能,統計学,https://ja.wikipedia.org/wiki/人工知能,3,0
74,オーストリア,1942年,https://ja.wikipedia.org/wiki/オーストリア,3,0
82,バールーフ・デ・スピノザ,自然,https://ja.wikipedia.org/wiki/バールーフ・デ・スピノザ,3,0
90,フランス語,地理学,https://ja.wikipedia.org/wiki/フランス語,3,0
97,宗教学,哲学,https://ja.wikipedia.org/wiki/宗教学,3,0
100,インドネシア,2000年,https://ja.wikipedia.org/wiki/インドネシア,3,0
101,イラク,1973年,https://ja.wikipedia.org/wiki/イラク,3,0
102,イラン,グレゴリオ暦,https://ja.wikipedia.org/wiki/イラン,3,0
106,チュニジア,1988年,https://ja.wikipedia.org/wiki/チュニジア,3,0
107,トルコ,音楽,https://ja.wikipedia.org/wiki/トルコ,3,0
121,両国国技館,1982年,https://ja.wikipedia.org/wiki/両国国技館,3,0
122,薬学,化学,https://ja.wikipedia.org/wiki/薬学,3,0
139,文学,哲学,https://ja.wikipedia.org/wiki/文学,3,0
141,音楽家,音楽のジャンル一覧,https://ja.wikipedia.org/wiki/音楽家,3,0
163,映画,1960年代,https://ja.wikipedia.org/wiki/映画,3,0
174,医学,化学,https://ja.wikipedia.org/wiki/医学,3,0
215,合理主義哲学,認識論,https://ja.wikipedia.org/wiki/合理主義哲学,3,0
221,Peer to Peer,グラフ理論,https://ja.wikipedia.org/wiki/Peer to Peer,3,0
225,うる星やつら,士郎正宗,https://ja.wikipedia.org/wiki/うる星やつら,3,0
228,アップルシード,2001年,https://ja.wikipedia.org/wiki/アップルシード,3,0
229,高橋留美子,1982年,https://ja.wikipedia.org/wiki/高橋留美子,3,0
234,民族音楽,ブラックミュージック,https://ja.wikipedia.org/wiki/民族音楽,3,0
235,村上もとか,1982年,https://ja.wikipedia.org/wiki/村上もとか,3,0
236,青木光恵,1988年,https://ja.wikipedia.org/wiki/青木光恵,3,0
237,赤塚不二夫,1982年,https://ja.wikipedia.org/wiki/赤塚不二夫,3,0
239,うすた京介,車田正美,https://ja.wikipedia.org/wiki/うすた京介,3,0
240,浦沢直樹,2001年,https://ja.wikipedia.org/wiki/浦沢直樹,3,0
243,高屋奈月,2001年,https://ja.wikipedia.org/wiki/高屋奈月,3,0
244,竹本泉,2000年,https://ja.wikipedia.org/wiki/竹本泉,3,0
247,鳥山明,プラモデル,https://ja.wikipedia.org/wiki/鳥山明,3,0
248,永野のりこ,1988年,https://ja.wikipedia.org/wiki/永野のりこ,3,0
250,日渡早紀,1982年,https://ja.wikipedia.org/wiki/日渡早紀,3,0
251,藤島康介,プラモデル,https://ja.wikipedia.org/wiki/藤島康介,3,0
255,タンゴ,ピアノ,https://ja.wikipedia.org/wiki/タンゴ,3,0
257,スカ,ブラックミュージック,https://ja.wikipedia.org/wiki/スカ,3,0
259,六道神士,士郎正宗,https://ja.wikipedia.org/wiki/六道神士,3,0
262,エルヴィス・プレスリー,1960年代,https://ja.wikipedia.org/wiki/エルヴィス・プレスリー,3,0
263,カーペンターズ,ピアノ,https://ja.wikipedia.org/wiki/カーペンターズ,3,0
265,ミニマル・ミュージック,1960年代,https://ja.wikipedia.org/wiki/ミニマル・ミュージック,3,0
266,シカゴ,1973年,https://ja.wikipedia.org/wiki/シカゴ,3,0
271,岩手県,山梨県,https://ja.wikipedia.org/wiki/岩手県,3,0
294,検索エンジン,自然言語処理,https://ja.wikipedia.org/wiki/検索エンジン,3,0
298,ナイトライダー,1982年,https://ja.wikipedia.org/wiki/ナイトライダー,3,0
326,アーミッシュ,音楽,https://ja.wikipedia.org/wiki/アーミッシュ,3,0
330,政治学,数学,https://ja.wikipedia.org/wiki/政治学,3,0
331,内閣総理大臣の一覧,1942年,https://ja.wikipedia.org/wiki/内閣総理大臣の一覧,3,0
338,岡田芽武,車田正美,https://ja.wikipedia.org/wiki/岡田芽武,3,0
339,桂正和,1984年,https://ja.wikipedia.org/wiki/桂正和,3,0
342,桜野みねね,1973年,https://ja.wikipedia.org/wiki/桜野みねね,3,0
349,舞井武依,1973年,https://ja.wikipedia.org/wiki/舞井武依,3,0
364,秋田県,1984年,https://ja.wikipedia.org/wiki/秋田県,3,0
366,石川県,山梨県,https://ja.wikipedia.org/wiki/石川県,3,0
371,愛媛県,山梨県,https://ja.wikipedia.org/wiki/愛媛県,3,0
372,大分県,1984年,https://ja.wikipedia.org/wiki/大分県,3,0
377,岡山県,山梨県,https://ja.wikipedia.org/wiki/岡山県,3,0
379,沖縄県,1984年,https://ja.wikipedia.org/wiki/沖縄県,3,0
381,香川県,山梨県,https://ja.wikipedia.org/wiki/香川県,3,0
387,岐阜県,スーパーカミオカンデ,https://ja.wikipedia.org/wiki/岐阜県,3,0
401,滋賀県,1984年,https://ja.wikipedia.org/wiki/滋賀県,3,0
403,静岡県,地質学,https://ja.wikipedia.org/wiki/静岡県,3,0
415,鳥取県,1984年,https://ja.wikipedia.org/wiki/鳥取県,3,0
421,長野県,1942年,https://ja.wikipedia.org/wiki/長野県,3,0
426,兵庫県,1942年,https://ja.wikipedia.org/wiki/兵庫県,3,0
434,福島県,化学,https://ja.wikipedia.org/wiki/福島県,3,0
436,北海道,地質学,https://ja.wikipedia.org/wiki/北海道,3,0
446,山口県,1942年,https://ja.wikipedia.org/wiki/山口県,3,0
450,和歌山県,1月8日,https://ja.wikipedia.org/wiki/和歌山県,3,0
491,高河ゆん,車田正美,https://ja.wikipedia.org/wiki/高河ゆん,3,0
493,手塚治虫,生物学,https://ja.wikipedia.org/wiki/手塚治虫,3,0
497,魔夜峰央,宝石,https://ja.wikipedia.org/wiki/魔夜峰央,3,0
507,黒田硫黄,士郎正宗,https://ja.wikipedia.org/wiki/黒田硫黄,3,0
509,ウェブブラウザ,画像,https://ja.wikipedia.org/wiki/ウェブブラウザ,3,0
524,新井理恵,車田正美,https://ja.wikipedia.org/wiki/新井理恵,3,0
525,荒木飛呂彦,車田正美,https://ja.wikipedia.org/wiki/荒木飛呂彦,3,0
543,ジャズ,ピアノ,https://ja.wikipedia.org/wiki/ジャズ,3,0
545,黒人音楽,ブラックミュージック,https://ja.wikipedia.org/wiki/黒人音楽,3,0
546,ヒップホップ,ブラックミュージック,https://ja.wikipedia.org/wiki/ヒップホップ,3,0
547,経営学,経済学,https://ja.wikipedia.org/wiki/経営学,3,0
580,秘密戦隊ゴレンジャー,自然,https://ja.wikipedia.org/wiki/秘密戦隊ゴレンジャー,3,0
581,日本伝統芸能,音楽,https://ja.wikipedia.org/wiki/日本伝統芸能,3,0
582,古典楽器,音楽,https://ja.wikipedia.org/wiki/古典楽器,3,0
584,超電子バイオマン,プラモデル,https://ja.wikipedia.org/wiki/超電子バイオマン,3,0
604,江川達也,数学,https://ja.wikipedia.org/wiki/江川達也,3,0
610,大友克洋,士郎正宗,https://ja.wikipedia.org/wiki/大友克洋,3,0
638,クセノポン,ソクラテス,https://ja.wikipedia.org/wiki/クセノポン,3,0
640,エピクロス,認識論,https://ja.wikipedia.org/wiki/エピクロス,3,0
645,ヘラクレイトス,存在,https://ja.wikipedia.org/wiki/ヘラクレイトス,3,0
654,365日,閏年,https://ja.wikipedia.org/wiki/365日,3,0
657,ヨコハマ買い出し紀行,士郎正宗,https://ja.wikipedia.org/wiki/ヨコハマ買い出し紀行,3,0
681,トランプ,閏年,https://ja.wikipedia.org/wiki/トランプ,3,0
694,SF漫画,士郎正宗,https://ja.wikipedia.org/wiki/SF漫画,3,0
709,チェンバロ,ピアノ,https://ja.wikipedia.org/wiki/チェンバロ,3,0
721,克・亜樹,車田正美,https://ja.wikipedia.org/wiki/克・亜樹,3,0
727,かわぐちかいじ,プラモデル,https://ja.wikipedia.org/wiki/かわぐちかいじ,3,0
734,きくち正太,1月8日,https://ja.wikipedia.org/wiki/きくち正太,3,0
786,ドラゴンクエストシリーズ,ピアノ,https://ja.wikipedia.org/wiki/ドラゴンクエストシリーズ,3,0
811,2月10日,地質学,https://ja.wikipedia.org/wiki/2月10日,3,0
814,9月11日,1月8日,https://ja.wikipedia.org/wiki/9月11日,3,0
816,ラマダーン,太陰暦,https://ja.wikipedia.org/wiki/ラマダーン,3,0
820,閏月,暦,https://ja.wikipedia.org/wiki/閏月,3,0
867,島本和彦,車田正美,https://ja.wikipedia.org/wiki/島本和彦,3,0
913,高橋よしひろ,車田正美,https://ja.wikipedia.org/wiki/高橋よしひろ,3,0
934,イエスタデイをうたって,化学,https://ja.wikipedia.org/wiki/イエスタデイをうたって,3,0
989,有向グラフ,グラフ理論,https://ja.wikipedia.org/wiki/有向グラフ,3,0
990,木 (数学),数学,https://ja.wikipedia.org/wiki/木 (数学),3,0
992,データ構造,グラフ理論,https://ja.wikipedia.org/wiki/データ構造,3,0
1026,暗号,画像,https://ja.wikipedia.org/wiki/暗号,3,0
1028,坂本龍一,ブラックミュージック,https://ja.wikipedia.org/wiki/坂本龍一,3,0
1030,コンピュータグラフィックス,統計学,https://ja.wikipedia.org/wiki/コンピュータグラフィックス,3,0
1034,ボイジャー計画,恒星,https://ja.wikipedia.org/wiki/ボイジャー計画,3,0
1035,棟方志功,自然,https://ja.wikipedia.org/wiki/棟方志功,3,0
1039,ロック (音楽),ピアノ,https://ja.wikipedia.org/wiki/ロック (音楽),3,0
1043,遊佐未森,ピアノ,https://ja.wikipedia.org/wiki/遊佐未森,3,0
1051,地震,統計学,https://ja.wikipedia.org/wiki/地震,3,0
1065,アメリカ航空宇宙局,生物,https://ja.wikipedia.org/wiki/アメリカ航空宇宙局,3,0
1074,アポロ計画,太陰暦,https://ja.wikipedia.org/wiki/アポロ計画,3,0
1080,カート・ヴォネガット,機械工学,https://ja.wikipedia.org/wiki/カート・ヴォネガット,3,0
1097,統計力学,特殊相対性理論,https://ja.wikipedia.org/wiki/統計力学,3,0
1105,生成文法,自然言語処理,https://ja.wikipedia.org/wiki/生成文法,3,0
1113,アニメ,プラモデル,https://ja.wikipedia.org/wiki/アニメ,3,0
1116,幾何学,アルベルト・アインシュタイン,https://ja.wikipedia.org/wiki/幾何学,3,0
1117,解析学,グラフ理論,https://ja.wikipedia.org/wiki/解析学,3,0
1118,考古学,地理学,https://ja.wikipedia.org/wiki/考古学,3,0
1119,力学,熱力学,https://ja.wikipedia.org/wiki/力学,3,0
1130,エドガー・ダイクストラ,グラフ理論,https://ja.wikipedia.org/wiki/エドガー・ダイクストラ,3,0
1136,スラッシュ (記号),統計図表,https://ja.wikipedia.org/wiki/スラッシュ (記号),3,0
1138,地衣類,生物,https://ja.wikipedia.org/wiki/地衣類,3,0
1144,計算物理学,物性物理学,https://ja.wikipedia.org/wiki/計算物理学,3,0
1151,荒俣宏,アルベルト・アインシュタイン,https://ja.wikipedia.org/wiki/荒俣宏,3,0
1154,Mind (プログラミング言語),自然言語処理,https://ja.wikipedia.org/wiki/Mind (プログラミング言語),3,0
1155,百科事典,記録,https://ja.wikipedia.org/wiki/百科事典,3,0
1156,アルゴリズム,グラフ理論,https://ja.wikipedia.org/wiki/アルゴリズム,3,0
1165,写真,電磁波,https://ja.wikipedia.org/wiki/写真,3,0
1191,第一原理計算,バンド計算,https://ja.wikipedia.org/wiki/第一原理計算,3,0
1193,第一原理バンド計算,バンド理論,https://ja.wikipedia.org/wiki/第一原理バンド計算,3,0
1197,第一原理,バンド計算,https://ja.wikipedia.org/wiki/第一原理,3,0
1241,脳機能イメージング,画像,https://ja.wikipedia.org/wiki/脳機能イメージング,3,0
1263,秋本治,士郎正宗,https://ja.wikipedia.org/wiki/秋本治,3,0
1268,擬ポテンシャル,中性子,https://ja.wikipedia.org/wiki/擬ポテンシャル,3,0
1297,パーソナルコンピュータ,画像,https://ja.wikipedia.org/wiki/パーソナルコンピュータ,3,0
1321,著名な博物学者,博物学,https://ja.wikipedia.org/wiki/著名な博物学者,3,0
1337,カー・パリネロ法,バンド計算,https://ja.wikipedia.org/wiki/カー・パリネロ法,3,0
1351,コヒーレントポテンシャル近似,バンド計算,https://ja.wikipedia.org/wiki/コヒーレントポテンシャル近似,3,0
1352,陽気婢,士郎正宗,https://ja.wikipedia.org/wiki/陽気婢,3,0
1368,横須賀市,小柴昌俊,https://ja.wikipedia.org/wiki/横須賀市,3,0
1373,月食,太陰暦,https://ja.wikipedia.org/wiki/月食,3,0
1385,松本零士,プラモデル,https://ja.wikipedia.org/wiki/松本零士,3,0
1398,彗星,恒星,https://ja.wikipedia.org/wiki/彗星,3,0
1403,衛星,恒星,https://ja.wikipedia.org/wiki/衛星,3,0
1441,ダイヤモンド,宝石,https://ja.wikipedia.org/wiki/ダイヤモンド,3,0
1445,File Transfer Protocol,画像,https://ja.wikipedia.org/wiki/File Transfer Protocol,3,0
1464,12月6日,車田正美,https://ja.wikipedia.org/wiki/12月6日,3,0
1468,ラオス,宝石,https://ja.wikipedia.org/wiki/ラオス,3,0
1471,Garnet OS,宝石,https://ja.wikipedia.org/wiki/Garnet OS,3,0
1477,20世紀,特殊相対性理論,https://ja.wikipedia.org/wiki/20世紀,3,0
1478,ビデオ,画像,https://ja.wikipedia.org/wiki/ビデオ,3,0
1508,戦争,電磁波,https://ja.wikipedia.org/wiki/戦争,3,0
1532,2002年,小柴昌俊,https://ja.wikipedia.org/wiki/2002年,3,0
1533,ハードウェア,自然言語処理,https://ja.wikipedia.org/wiki/ハードウェア,3,0
1535,8月15日,車田正美,https://ja.wikipedia.org/wiki/8月15日,3,0
1538,2月16日,博物学,https://ja.wikipedia.org/wiki/2月16日,3,0
1601,2月12日,博物学,https://ja.wikipedia.org/wiki/2月12日,3,0
1615,19世紀,博物学,https://ja.wikipedia.org/wiki/19世紀,3,0
1650,ラーメンズ,プラモデル,https://ja.wikipedia.org/wiki/ラーメンズ,3,0
1652,IBM,自然言語処理,https://ja.wikipedia.org/wiki/IBM,3,0
1662,大江健三郎,小柴昌俊,https://ja.wikipedia.org/wiki/大江健三郎,3,0
1665,オープンコンテント,画像,https://ja.wikipedia.org/wiki/オープンコンテント,3,0
1681,民俗学,地理学,https://ja.wikipedia.org/wiki/民俗学,3,0
1720,平面波,バンド計算,https://ja.wikipedia.org/wiki/平面波,3,0
1724,量子電磁力学,特殊相対性理論,https://ja.wikipedia.org/wiki/量子電磁力学,3,0
1725,天体,恒星,https://ja.wikipedia.org/wiki/天体,3,0
1726,天文現象,恒星,https://ja.wikipedia.org/wiki/天文現象,3,0
1727,マフィンティンポテンシャル,バンド計算,https://ja.wikipedia.org/wiki/マフィンティンポテンシャル,3,0
1728,12月,太陽暦,https://ja.wikipedia.org/wiki/12月,3,0
1732,水,中性子,https://ja.wikipedia.org/wiki/水,3,0
1742,気象学,地理学,https://ja.wikipedia.org/wiki/気象学,3,0
1744,旅行,自然,https://ja.wikipedia.org/wiki/旅行,3,0
1748,美学,認識論,https://ja.wikipedia.org/wiki/美学,3,0
1751,力 (物理学),電磁気学,https://ja.wikipedia.org/wiki/力 (物理学),3,0
1754,局在基底,バンド計算,https://ja.wikipedia.org/wiki/局在基底,3,0
1769,ニュートン力学,電磁気学,https://ja.wikipedia.org/wiki/ニュートン力学,3,0
1771,人工生命,博物学,https://ja.wikipedia.org/wiki/人工生命,3,0
1794,2月23日,カミオカンデ,https://ja.wikipedia.org/wiki/2月23日,3,0
1801,大戦隊ゴーグルファイブ,宝石,https://ja.wikipedia.org/wiki/大戦隊ゴーグルファイブ,3,0
1806,易経,老子,https://ja.wikipedia.org/wiki/易経,3,0
1810,孟子,老子,https://ja.wikipedia.org/wiki/孟子,3,0
1811,バンダイ,プラモデル,https://ja.wikipedia.org/wiki/バンダイ,3,0
1812,書経,老子,https://ja.wikipedia.org/wiki/書経,3,0
1821,実空間法,バンド計算,https://ja.wikipedia.org/wiki/実空間法,3,0
1899,歴史,記録,https://ja.wikipedia.org/wiki/歴史,3,0
1905,DVD-Video,記録,https://ja.wikipedia.org/wiki/DVD-Video,3,0
1933,1961年,士郎正宗,https://ja.wikipedia.org/wiki/1961年,3,0
1934,1960年,機械工学,https://ja.wikipedia.org/wiki/1960年,3,0
1954,原子核,中性子,https://ja.wikipedia.org/wiki/原子核,3,0
1955,場の量子論,超伝導,https://ja.wikipedia.org/wiki/場の量子論,3,0
1969,結晶,超伝導,https://ja.wikipedia.org/wiki/結晶,3,0
1990,状態密度,プランク定数,https://ja.wikipedia.org/wiki/状態密度,3,0
2000,ノイズ,電磁波,https://ja.wikipedia.org/wiki/ノイズ,3,0
2030,帝国大学,小柴昌俊,https://ja.wikipedia.org/wiki/帝国大学,3,0
2038,ラグランジュ力学,アインシュタイン方程式,https://ja.wikipedia.org/wiki/ラグランジュ力学,3,0
2075,3次元コンピュータグラフィックス,画像,https://ja.wikipedia.org/wiki/3次元コンピュータグラフィックス,3,0
2093,人名一覧,物理学者の一覧,https://ja.wikipedia.org/wiki/人名一覧,3,0
2152,波数,電磁波,https://ja.wikipedia.org/wiki/波数,3,0
2207,バンドギャップ,超伝導,https://ja.wikipedia.org/wiki/バンドギャップ,3,0
2210,フェルミエネルギー,バンド理論,https://ja.wikipedia.org/wiki/フェルミエネルギー,3,0
2231,シュレーディンガー方程式,電磁波,https://ja.wikipedia.org/wiki/シュレーディンガー方程式,3,0
2280,メディア (媒体),記録,https://ja.wikipedia.org/wiki/メディア (媒体),3,0
2401,バンド,バンド理論,https://ja.wikipedia.org/wiki/バンド,3,0
2417,126,中性子,https://ja.wikipedia.org/wiki/126,3,0
2418,バンド構造,バンド理論,https://ja.wikipedia.org/wiki/バンド構造,3,0
2489,料理,存在,https://ja.wikipedia.org/wiki/料理,3,0
2493,1911年,超伝導,https://ja.wikipedia.org/wiki/1911年,3,0
2495,1901年,ヴィルヘルム・レントゲン,https://ja.wikipedia.org/wiki/1901年,3,0
2528,1923年,ヴィルヘルム・レントゲン,https://ja.wikipedia.org/wiki/1923年,3,0
2531,1926年,小柴昌俊,https://ja.wikipedia.org/wiki/1926年,3,0
2570,本,宝石,https://ja.wikipedia.org/wiki/本,3,0
2592,湯川秀樹,中性子,https://ja.wikipedia.org/wiki/湯川秀樹,3,0
2636,原子,中性子,https://ja.wikipedia.org/wiki/原子,3,0
2693,太陽系,恒星,https://ja.wikipedia.org/wiki/太陽系,3,0
2702,編曲家,音楽のジャンル一覧,https://ja.wikipedia.org/wiki/編曲家,3,0
2704,編曲,音楽のジャンル一覧,https://ja.wikipedia.org/wiki/編曲,3,0
2714,冥王星,恒星,https://ja.wikipedia.org/wiki/冥王星,3,0
2728,IEEE,機械工学,https://ja.wikipedia.org/wiki/IEEE,3,0
2746,史記,老子,https://ja.wikipedia.org/wiki/史記,3,0
2830,11月11日,宝石,https://ja.wikipedia.org/wiki/11月11日,3,0
2887,ブリュアンゾーン,バンド理論,https://ja.wikipedia.org/wiki/ブリュアンゾーン,3,0
2922,集積回路,バンド理論,https://ja.wikipedia.org/wiki/集積回路,3,0
2944,バグワン・シュリ・ラジニーシ,老子,https://ja.wikipedia.org/wiki/バグワン・シュリ・ラジニーシ,3,0
2996,誕生石,宝石,https://ja.wikipedia.org/wiki/誕生石,3,0
3041,人間,ソクラテス,https://ja.wikipedia.org/wiki/人間,3,0
3220,3月9日,機械工学,https://ja.wikipedia.org/wiki/3月9日,3,0
3234,レジスタ,記録,https://ja.wikipedia.org/wiki/レジスタ,3,0
3251,ディラック方程式,アインシュタイン方程式,https://ja.wikipedia.org/wiki/ディラック方程式,3,0
3308,分子動力学法,非経験的分子軌道法,https://ja.wikipedia.org/wiki/分子動力学法,3,0
3398,ベル研究所,超伝導,https://ja.wikipedia.org/wiki/ベル研究所,3,0
3449,アラン・チューリング,認識論,https://ja.wikipedia.org/wiki/アラン・チューリング,3,0
3464,ニュースステーション,パンパイプ,https://ja.wikipedia.org/wiki/ニュースステーション,3,0
3490,有名な物理学者,物理学者の一覧,https://ja.wikipedia.org/wiki/有名な物理学者,3,0
3492,インカ帝国,記録,https://ja.wikipedia.org/wiki/インカ帝国,3,0
3499,連続体力学,機械工学,https://ja.wikipedia.org/wiki/連続体力学,3,0
3525,8月2日,機械工学,https://ja.wikipedia.org/wiki/8月2日,3,0
3629,年,恒星,https://ja.wikipedia.org/wiki/年,3,0
3643,標準模型,カミオカンデ,https://ja.wikipedia.org/wiki/標準模型,3,0
3673,ヨハネス・ファン・デル・ワールス,ヴィルヘルム・レントゲン,https://ja.wikipedia.org/wiki/ヨハネス・ファン・デル・ワールス,3,0
3775,ヒンドゥー教,認識論,https://ja.wikipedia.org/wiki/ヒンドゥー教,3,0
3777,玩具,ソクラテス,https://ja.wikipedia.org/wiki/玩具,3,0
3992,主体と客体,存在,https://ja.wikipedia.org/wiki/主体と客体,3,0
4015,真理,ソクラテス,https://ja.wikipedia.org/wiki/真理,3,0
4042,時間依存密度汎関数法,プランク定数,https://ja.wikipedia.org/wiki/時間依存密度汎関数法,3,0
4069,電気工学,機械工学,https://ja.wikipedia.org/wiki/電気工学,3,0
4138,スピン軌道相互作用,プランク定数,https://ja.wikipedia.org/wiki/スピン軌道相互作用,3,0
4194,画家,記録,https://ja.wikipedia.org/wiki/画家,3,0
4395,南極大陸,宝石,https://ja.wikipedia.org/wiki/南極大陸,3,0
4405,一覧の一覧,音楽のジャンル一覧,https://ja.wikipedia.org/wiki/一覧の一覧,3,0
4411,国際単位系,プランク定数,https://ja.wikipedia.org/wiki/国際単位系,3,0
4477,紀元前469年,ソクラテス,https://ja.wikipedia.org/wiki/紀元前469年,3,0
4478,紀元前5世紀,ソクラテス,https://ja.wikipedia.org/wiki/紀元前5世紀,3,0
4574,神の一覧,老子,https://ja.wikipedia.org/wiki/神の一覧,3,0
4591,物,存在,https://ja.wikipedia.org/wiki/物,3,0
4707,3月27日,ヴィルヘルム・レントゲン,https://ja.wikipedia.org/wiki/3月27日,3,0
4717,算術平均,統計図表,https://ja.wikipedia.org/wiki/算術平均,3,0
4890,4月27日,ソクラテス,https://ja.wikipedia.org/wiki/4月27日,3,0
4999,指輪物語,中つ国 (トールキン),https://ja.wikipedia.org/wiki/指輪物語,3,0
5000,ミドルアース,中つ国 (トールキン),https://ja.wikipedia.org/wiki/ミドルアース,3,0
5001,物理学者,物理学者の一覧,https://ja.wikipedia.org/wiki/物理学者,3,0
5047,ホビットの冒険,中つ国 (トールキン),https://ja.wikipedia.org/wiki/ホビットの冒険,3,0
5178,研究,統計図表,https://ja.wikipedia.org/wiki/研究,3,0
5295,複素数,機械工学,https://ja.wikipedia.org/wiki/複素数,3,0
5334,ヨーダ,老子,https://ja.wikipedia.org/wiki/ヨーダ,3,0
5613,9月17日,記録,https://ja.wikipedia.org/wiki/9月17日,3,0
5743,ポピュラー音楽,音楽のジャンル一覧,https://ja.wikipedia.org/wiki/ポピュラー音楽,3,0
5752,ポピュラー音楽のジャンル一覧,音楽のジャンル一覧,https://ja.wikipedia.org/wiki/ポピュラー音楽のジャンル一覧,3,0
5958,光速,アインシュタイン方程式,https://ja.wikipedia.org/wiki/光速,3,0
6074,学問,機械工学,https://ja.wikipedia.org/wiki/学問,3,0
6162,陽子,スーパーカミオカンデ,https://ja.wikipedia.org/wiki/陽子,3,0
6180,名前,存在,https://ja.wikipedia.org/wiki/名前,3,0
6202,ギリシア神話,パンパイプ,https://ja.wikipedia.org/wiki/ギリシア神話,3,0
6214,諸子百家,老子,https://ja.wikipedia.org/wiki/諸子百家,3,0
6225,森羅万象,存在,https://ja.wikipedia.org/wiki/森羅万象,3,0
6670,重力,アインシュタイン方程式,https://ja.wikipedia.org/wiki/重力,3,0
6694,万有引力,アインシュタイン方程式,https://ja.wikipedia.org/wiki/万有引力,3,0
6708,事象の地平面,アインシュタイン方程式,https://ja.wikipedia.org/wiki/事象の地平面,3,0
6773,メカトロニクス,機械工学,https://ja.wikipedia.org/wiki/メカトロニクス,3,0
7072,音楽のジャンル,音楽のジャンル一覧,https://ja.wikipedia.org/wiki/音楽のジャンル,3,0
7108,隠れマルコフモデル,統計図表,https://ja.wikipedia.org/wiki/隠れマルコフモデル,3,0
7422,物理学者のリスト,物理学者の一覧,https://ja.wikipedia.org/wiki/物理学者のリスト,3,0
7512,Ab initio,非経験的分子軌道法,https://ja.wikipedia.org/wiki/Ab initio,3,0
7631,神経細胞,統計図表,https://ja.wikipedia.org/wiki/神経細胞,3,0
7650,ガンダルフ,中つ国 (トールキン),https://ja.wikipedia.org/wiki/ガンダルフ,3,0
7752,イーオー,パンパイプ,https://ja.wikipedia.org/wiki/イーオー,3,0
8134,スタッフ,記録,https://ja.wikipedia.org/wiki/スタッフ,3,0
8154,ジャンル,音楽のジャンル一覧,https://ja.wikipedia.org/wiki/ジャンル,3,0
8328,平均,統計図表,https://ja.wikipedia.org/wiki/平均,3,0
8333,作曲家一覧,音楽のジャンル一覧,https://ja.wikipedia.org/wiki/作曲家一覧,3,0
8429,分散 (確率論),統計図表,https://ja.wikipedia.org/wiki/分散 (確率論),3,0
8442,物体,存在,https://ja.wikipedia.org/wiki/物体,3,0
8490,ニュートリノ,ニュートリノ天文学,https://ja.wikipedia.org/wiki/ニュートリノ,3,0
8639,文字,中つ国 (トールキン),https://ja.wikipedia.org/wiki/文字,3,0
9195,ランダム,統計図表,https://ja.wikipedia.org/wiki/ランダム,3,0
9411,分子軌道法,非経験的分子軌道法,https://ja.wikipedia.org/wiki/分子軌道法,3,0
9441,ニールス・ボーア,存在,https://ja.wikipedia.org/wiki/ニールス・ボーア,3,0
11080,エルフ語,中つ国 (トールキン),https://ja.wikipedia.org/wiki/エルフ語,3,0
11156,ホビット,中つ国 (トールキン),https://ja.wikipedia.org/wiki/ホビット,3,0
12081,フルート,パンパイプ,https://ja.wikipedia.org/wiki/フルート,3,0
15383,ドワーフ,中つ国 (トールキン),https://ja.wikipedia.org/wiki/ドワーフ,3,0
15505,ニュートリノ振動,カムランド,https://ja.wikipedia.org/wiki/ニュートリノ振動,3,0
15661,J・R・R・トールキン,中つ国 (トールキン),https://ja.wikipedia.org/wiki/J・R・R・トールキン,3,0
15992,素粒子物理学,カミオカンデ,https://ja.wikipedia.org/wiki/素粒子物理学,3,0
16407,キアス,中つ国 (トールキン),https://ja.wikipedia.org/wiki/キアス,3,0
16895,物理学に関する記事の一覧,物理学者の一覧,https://ja.wikipedia.org/wiki/物理学に関する記事の一覧,3,0
17448,木管楽器,パンパイプ,https://ja.wikipedia.org/wiki/木管楽器,3,0
17874,楽器分類別一覧,パンパイプ,https://ja.wikipedia.org/wiki/楽器分類別一覧,3,0
18025,ナイ,パンパイプ,https://ja.wikipedia.org/wiki/ナイ,3,0
18154,ナーイ,パンパイプ,https://ja.wikipedia.org/wiki/ナーイ,3,0
18982,仮面ライダーX,パンパイプ,https://ja.wikipedia.org/wiki/仮面ライダーX,3,0
26287,チェレンコフ放射,カミオカンデ,https://ja.wikipedia.org/wiki/チェレンコフ放射,3,0
26683,神奈川大学,カミオカンデ,https://ja.wikipedia.org/wiki/神奈川大学,3,0
29311,神岡町 (岐阜県),カムランド,https://ja.wikipedia.org/wiki/神岡町 (岐阜県),3,0
31823,天文学に関する記事の一覧,カムランド,https://ja.wikipedia.org/wiki/天文学に関する記事の一覧,3,0
31936,クラリネット,パンパイプ,https://ja.wikipedia.org/wiki/クラリネット,3,0
31969,飛騨市,カムランド,https://ja.wikipedia.org/wiki/飛騨市,3,0
33119,天体望遠鏡,ニュートリノ天文学,https://ja.wikipedia.org/wiki/天体望遠鏡,3,0
34235,電子ニュートリノ,カムランド,https://ja.wikipedia.org/wiki/電子ニュートリノ,3,0
41512,宇宙線,ニュートリノ天文学,https://ja.wikipedia.org/wiki/宇宙線,3,0
46981,超新星,ニュートリノ天文学,https://ja.wikipedia.org/wiki/超新星,3,0
47621,ローレンス・ブラッグ,物理学者の一覧,https://ja.wikipedia.org/wiki/ローレンス・ブラッグ,3,0
72951,神岡鉱山,カムランド,https://ja.wikipedia.org/wiki/神岡鉱山,3,0
80102,物理学者一覧,物理学者の一覧,https://ja.wikipedia.org/wiki/物理学者一覧,3,0
170927,望遠鏡,ニュートリノ天文学,https://ja.wikipedia.org/wiki/望遠鏡,3,0
173451,科学史,物理学者の一覧,https://ja.wikipedia.org/wiki/科学史,3,0
188128,ハンス・アルヴェーン,物理学者の一覧,https://ja.wikipedia.org/wiki/ハンス・アルヴェーン,3,0
280044,ジョン・ポープル,非経験的分子軌道法,https://ja.wikipedia.org/wiki/ジョン・ポープル,3,0
556430,諸熊奎治,非経験的分子軌道法,https://ja.wikipedia.org/wiki/諸熊奎治,3,0
882841,分配係数,非経験的分子軌道法,https://ja.wikipedia.org/wiki/分配係数,3,0
923443,プロトン化水素分子,非経験的分子軌道法,https://ja.wikipedia.org/wiki/プロトン化水素分子,3,0
1346948,GAUSSIAN,非経験的分子軌道法,https://ja.wikipedia.org/wiki/GAUSSIAN,3,0
1355309,五重結合,非経験的分子軌道法,https://ja.wikipedia.org/wiki/五重結合,3,0
1629873,医薬品設計,非経験的分子軌道法,https://ja.wikipedia.org/wiki/医薬品設計,3,0
5,アンパサンド,スラッシュ (記号),https://ja.wikipedia.org/wiki/アンパサンド,4,0
14,EU (曖昧さ回避),フランス語,https://ja.wikipedia.org/wiki/EU (曖昧さ回避),4,0
43,コケ植物,地衣類,https://ja.wikipedia.org/wiki/コケ植物,4,0
58,社会,戦争,https://ja.wikipedia.org/wiki/社会,4,0
63,情報工学,コンピュータグラフィックス,https://ja.wikipedia.org/wiki/情報工学,4,0
65,文脈自由言語,形式言語,https://ja.wikipedia.org/wiki/文脈自由言語,4,0
66,正規言語,形式言語,https://ja.wikipedia.org/wiki/正規言語,4,0
76,社会学者の一覧,社会学,https://ja.wikipedia.org/wiki/社会学者の一覧,4,0
89,文脈自由文法,形式言語,https://ja.wikipedia.org/wiki/文脈自由文法,4,0
91,イタリア語,日本語,https://ja.wikipedia.org/wiki/イタリア語,4,0
92,スペイン語,ヨーロッパ,https://ja.wikipedia.org/wiki/スペイン語,4,0
115,新聞学,社会学,https://ja.wikipedia.org/wiki/新聞学,4,0
120,スポーツ,古代エジプト,https://ja.wikipedia.org/wiki/スポーツ,4,0
124,身体装飾,歴史,https://ja.wikipedia.org/wiki/身体装飾,4,0
126,液晶,結晶,https://ja.wikipedia.org/wiki/液晶,4,0
159,言語学,民俗学,https://ja.wikipedia.org/wiki/言語学,4,0
161,著作権,アルゴリズム,https://ja.wikipedia.org/wiki/著作権,4,0
175,FAQ,パーソナルコンピュータ,https://ja.wikipedia.org/wiki/FAQ,4,0
191,パブリックドメイン,著作権の保護期間,https://ja.wikipedia.org/wiki/パブリックドメイン,4,0
217,ミュージシャン一覧 (グループ),作曲家一覧,https://ja.wikipedia.org/wiki/ミュージシャン一覧 (グループ),4,0
220,イエスタデイ,エルヴィス・プレスリー,https://ja.wikipedia.org/wiki/イエスタデイ,4,0
222,日本の漫画家,江川達也,https://ja.wikipedia.org/wiki/日本の漫画家,4,0
223,LimeWire,Peer to Peer,https://ja.wikipedia.org/wiki/LimeWire,4,0
230,ゲーム,本,https://ja.wikipedia.org/wiki/ゲーム,4,0
231,コンピュータゲーム,人工知能,https://ja.wikipedia.org/wiki/コンピュータゲーム,4,0
232,ゲームのタイトル一覧,トランプ,https://ja.wikipedia.org/wiki/ゲームのタイトル一覧,4,0
233,ゲーム会社一覧,バンダイ,https://ja.wikipedia.org/wiki/ゲーム会社一覧,4,0
238,一条ゆかり,岡山県,https://ja.wikipedia.org/wiki/一条ゆかり,4,0
242,高橋しん,アニメ,https://ja.wikipedia.org/wiki/高橋しん,4,0
245,寺沢武一,荒木飛呂彦,https://ja.wikipedia.org/wiki/寺沢武一,4,0
246,冨樫義博,4月27日,https://ja.wikipedia.org/wiki/冨樫義博,4,0
249,聖悠紀,アニメ,https://ja.wikipedia.org/wiki/聖悠紀,4,0
252,山下和美,ロック (音楽),https://ja.wikipedia.org/wiki/山下和美,4,0
253,和田慎二,うる星やつら,https://ja.wikipedia.org/wiki/和田慎二,4,0
256,サンバ,トランプ,https://ja.wikipedia.org/wiki/サンバ,4,0
264,スティーヴ・ライヒ,ミニマル・ミュージック,https://ja.wikipedia.org/wiki/スティーヴ・ライヒ,4,0
285,Cascading Style Sheets,ウェブブラウザ,https://ja.wikipedia.org/wiki/Cascading Style Sheets,4,0
286,吉田秋生,ニュースステーション,https://ja.wikipedia.org/wiki/吉田秋生,4,0
289,藤崎竜,桂正和,https://ja.wikipedia.org/wiki/藤崎竜,4,0
296,テレビ,スタッフ,https://ja.wikipedia.org/wiki/テレビ,4,0
297,テレビ番組,兵庫県,https://ja.wikipedia.org/wiki/テレビ番組,4,0
302,将軍,イラク,https://ja.wikipedia.org/wiki/将軍,4,0
303,蝦夷,岩手県,https://ja.wikipedia.org/wiki/蝦夷,4,0
304,高橋葉介,長野県,https://ja.wikipedia.org/wiki/高橋葉介,4,0
313,食文化,ラマダーン,https://ja.wikipedia.org/wiki/食文化,4,0
316,飲む,水,https://ja.wikipedia.org/wiki/飲む,4,0
320,ペンシルベニアドイツ語,アーミッシュ,https://ja.wikipedia.org/wiki/ペンシルベニアドイツ語,4,0
328,イラストレーター,コンピュータグラフィックス,https://ja.wikipedia.org/wiki/イラストレーター,4,0
329,風邪,水,https://ja.wikipedia.org/wiki/風邪,4,0
336,麻宮騎亜,岩手県,https://ja.wikipedia.org/wiki/麻宮騎亜,4,0
337,あずまきよひこ,兵庫県,https://ja.wikipedia.org/wiki/あずまきよひこ,4,0
340,こいおみなと,岐阜県,https://ja.wikipedia.org/wiki/こいおみなと,4,0
341,ここまひ,バンダイ,https://ja.wikipedia.org/wiki/ここまひ,4,0
343,高屋良樹,SF漫画,https://ja.wikipedia.org/wiki/高屋良樹,4,0
347,内藤泰弘,大友克洋,https://ja.wikipedia.org/wiki/内藤泰弘,4,0
350,幻超二,岡山県,https://ja.wikipedia.org/wiki/幻超二,4,0
353,皆川亮二,大友克洋,https://ja.wikipedia.org/wiki/皆川亮二,4,0
391,熊本県,2月10日,https://ja.wikipedia.org/wiki/熊本県,4,0
395,高知県,愛媛県,https://ja.wikipedia.org/wiki/高知県,4,0
399,佐賀県,1960年,https://ja.wikipedia.org/wiki/佐賀県,4,0
405,島根県,ハードウェア,https://ja.wikipedia.org/wiki/島根県,4,0
411,徳島県,4月27日,https://ja.wikipedia.org/wiki/徳島県,4,0
413,栃木県,書経,https://ja.wikipedia.org/wiki/栃木県,4,0
419,長崎県,12月,https://ja.wikipedia.org/wiki/長崎県,4,0
424,新潟県,4月27日,https://ja.wikipedia.org/wiki/新潟県,4,0
428,広島県,9月17日,https://ja.wikipedia.org/wiki/広島県,4,0
432,福井県,3月27日,https://ja.wikipedia.org/wiki/福井県,4,0
442,宮崎県,1923年,https://ja.wikipedia.org/wiki/宮崎県,4,0
455,諸星大二郎,民俗学,https://ja.wikipedia.org/wiki/諸星大二郎,4,0
462,首都,オーストリア,https://ja.wikipedia.org/wiki/首都,4,0
463,国の一覧 (大陸別),イラン,https://ja.wikipedia.org/wiki/国の一覧 (大陸別),4,0
464,東京を舞台とした映画作品一覧,台東区,https://ja.wikipedia.org/wiki/東京を舞台とした映画作品一覧,4,0
473,封神演義,史記,https://ja.wikipedia.org/wiki/封神演義,4,0
479,ああっ女神さまっ,かわぐちかいじ,https://ja.wikipedia.org/wiki/ああっ女神さまっ,4,0
480,西原理恵子,2月23日,https://ja.wikipedia.org/wiki/西原理恵子,4,0
481,里中満智子,ギリシア神話,https://ja.wikipedia.org/wiki/里中満智子,4,0
482,椎名高志,高橋留美子,https://ja.wikipedia.org/wiki/椎名高志,4,0
485,川原泉,ドラゴンクエストシリーズ,https://ja.wikipedia.org/wiki/川原泉,4,0
486,尾田栄一郎,浦沢直樹,https://ja.wikipedia.org/wiki/尾田栄一郎,4,0
487,唐沢なをき,赤塚不二夫,https://ja.wikipedia.org/wiki/唐沢なをき,4,0
489,倉田真由美,黒田硫黄,https://ja.wikipedia.org/wiki/倉田真由美,4,0
496,少女漫画,高橋留美子,https://ja.wikipedia.org/wiki/少女漫画,4,0
506,梶原一騎,赤塚不二夫,https://ja.wikipedia.org/wiki/梶原一騎,4,0
520,安達哲,2月10日,https://ja.wikipedia.org/wiki/安達哲,4,0
521,あだち充,高橋留美子,https://ja.wikipedia.org/wiki/あだち充,4,0
526,あろひろし,秋本治,https://ja.wikipedia.org/wiki/あろひろし,4,0
532,日本の交通,内閣総理大臣の一覧,https://ja.wikipedia.org/wiki/日本の交通,4,0
536,オペレーティングシステム,ハードウェア,https://ja.wikipedia.org/wiki/オペレーティングシステム,4,0
537,鉄道,地震,https://ja.wikipedia.org/wiki/鉄道,4,0
544,藤沢とおる,江川達也,https://ja.wikipedia.org/wiki/藤沢とおる,4,0
561,板垣恵介,鳥山明,https://ja.wikipedia.org/wiki/板垣恵介,4,0
566,稲田浩司,うすた京介,https://ja.wikipedia.org/wiki/稲田浩司,4,0
567,井上紀良,松本零士,https://ja.wikipedia.org/wiki/井上紀良,4,0
570,入江喜和,4月27日,https://ja.wikipedia.org/wiki/入江喜和,4,0
577,スペースシャトル,11月11日,https://ja.wikipedia.org/wiki/スペースシャトル,4,0
579,ゴレンジャー,秘密戦隊ゴレンジャー,https://ja.wikipedia.org/wiki/ゴレンジャー,4,0
585,加瀬邦彦,超電子バイオマン,https://ja.wikipedia.org/wiki/加瀬邦彦,4,0
586,セイントフォー,島本和彦,https://ja.wikipedia.org/wiki/セイントフォー,4,0
589,アース・ウィンド・アンド・ファイアー,シカゴ,https://ja.wikipedia.org/wiki/アース・ウィンド・アンド・ファイアー,4,0
590,魚戸おさむ,村上もとか,https://ja.wikipedia.org/wiki/魚戸おさむ,4,0
592,うたたねひろゆき,高河ゆん,https://ja.wikipedia.org/wiki/うたたねひろゆき,4,0
599,楳図かずお,9月17日,https://ja.wikipedia.org/wiki/楳図かずお,4,0
605,江口寿史,赤塚不二夫,https://ja.wikipedia.org/wiki/江口寿史,4,0
614,大山和栄,2月16日,https://ja.wikipedia.org/wiki/大山和栄,4,0
615,岡崎京子,2月23日,https://ja.wikipedia.org/wiki/岡崎京子,4,0
623,奥田ひとし,8月15日,https://ja.wikipedia.org/wiki/奥田ひとし,4,0
624,尾瀬あきら,仮面ライダーX,https://ja.wikipedia.org/wiki/尾瀬あきら,4,0
630,Gnutella,Peer to Peer,https://ja.wikipedia.org/wiki/Gnutella,4,0
633,一節切,木管楽器,https://ja.wikipedia.org/wiki/一節切,4,0
635,チェッカーズ,12月6日,https://ja.wikipedia.org/wiki/チェッカーズ,4,0
636,バンドネオン,タンゴ,https://ja.wikipedia.org/wiki/バンドネオン,4,0
641,芦奈野ひとし,横須賀市,https://ja.wikipedia.org/wiki/芦奈野ひとし,4,0
642,松田聖子,坂本龍一,https://ja.wikipedia.org/wiki/松田聖子,4,0
644,山岸凉子,ギリシア神話,https://ja.wikipedia.org/wiki/山岸凉子,4,0
648,高橋陽一,2月16日,https://ja.wikipedia.org/wiki/高橋陽一,4,0
649,すがやみつる,松本零士,https://ja.wikipedia.org/wiki/すがやみつる,4,0
650,つのだじろう,赤塚不二夫,https://ja.wikipedia.org/wiki/つのだじろう,4,0
651,北条司,写真,https://ja.wikipedia.org/wiki/北条司,4,0
655,水木しげる,画家,https://ja.wikipedia.org/wiki/水木しげる,4,0
665,MAJOR,村上もとか,https://ja.wikipedia.org/wiki/MAJOR,4,0
684,かごめかごめ,こどもの文化,https://ja.wikipedia.org/wiki/かごめかごめ,4,0
687,杉浦茂,赤塚不二夫,https://ja.wikipedia.org/wiki/杉浦茂,4,0
695,ホラー漫画,ジャンル,https://ja.wikipedia.org/wiki/ホラー漫画,4,0
698,ガムラン,坂本龍一,https://ja.wikipedia.org/wiki/ガムラン,4,0
700,ドラゴンクエストモンスターズ,ドラゴンクエストシリーズ,https://ja.wikipedia.org/wiki/ドラゴンクエストモンスターズ,4,0
710,クラブサン,チェンバロ,https://ja.wikipedia.org/wiki/クラブサン,4,0
713,東京スカパラダイスオーケストラ,スカ,https://ja.wikipedia.org/wiki/東京スカパラダイスオーケストラ,4,0
748,黒岩よしひろ,桂正和,https://ja.wikipedia.org/wiki/黒岩よしひろ,4,0
757,こせきこうじ,荒木飛呂彦,https://ja.wikipedia.org/wiki/こせきこうじ,4,0
758,小谷憲一,2月10日,https://ja.wikipedia.org/wiki/小谷憲一,4,0
764,さいとう・たかを,荒俣宏,https://ja.wikipedia.org/wiki/さいとう・たかを,4,0
768,三枝義浩,戦争,https://ja.wikipedia.org/wiki/三枝義浩,4,0
770,酒井美羽,2月23日,https://ja.wikipedia.org/wiki/酒井美羽,4,0
774,桜多吾作,アメリカ航空宇宙局,https://ja.wikipedia.org/wiki/桜多吾作,4,0
779,貞本義行,松本零士,https://ja.wikipedia.org/wiki/貞本義行,4,0
785,ドラゴンクエストIII そして伝説へ…,ドラゴンクエストシリーズ,https://ja.wikipedia.org/wiki/ドラゴンクエストIII そして伝説へ…,4,0
788,ゲームソフト,ハードウェア,https://ja.wikipedia.org/wiki/ゲームソフト,4,0
789,ゲーム機,ハードウェア,https://ja.wikipedia.org/wiki/ゲーム機,4,0
790,ドラゴンクエストII 悪霊の神々,鳥山明,https://ja.wikipedia.org/wiki/ドラゴンクエストII 悪霊の神々,4,0
792,癇癪玉,玩具,https://ja.wikipedia.org/wiki/癇癪玉,4,0
793,銀玉鉄砲,玩具,https://ja.wikipedia.org/wiki/銀玉鉄砲,4,0
795,電子ブロック,玩具,https://ja.wikipedia.org/wiki/電子ブロック,4,0
796,笑い袋,ドラゴンクエストシリーズ,https://ja.wikipedia.org/wiki/笑い袋,4,0
800,ハンカチ落し,こどもの文化,https://ja.wikipedia.org/wiki/ハンカチ落し,4,0
802,コンピュータRPG,ドラゴンクエストシリーズ,https://ja.wikipedia.org/wiki/コンピュータRPG,4,0
803,テーブルトークRPG,ジャンル,https://ja.wikipedia.org/wiki/テーブルトークRPG,4,0
809,RPG,プログラミング言語,https://ja.wikipedia.org/wiki/RPG,4,0
860,兼六園,国の一覧,https://ja.wikipedia.org/wiki/兼六園,4,0
864,柴田亜美,ドラゴンクエストシリーズ,https://ja.wikipedia.org/wiki/柴田亜美,4,0
871,新谷かおる,高河ゆん,https://ja.wikipedia.org/wiki/新谷かおる,4,0
874,千之ナイフ,六道神士,https://ja.wikipedia.org/wiki/千之ナイフ,4,0
886,医療漫画,村上もとか,https://ja.wikipedia.org/wiki/医療漫画,4,0
887,4コマ漫画,ドラゴンクエストシリーズ,https://ja.wikipedia.org/wiki/4コマ漫画,4,0
888,劇画,かわぐちかいじ,https://ja.wikipedia.org/wiki/劇画,4,0
891,超新星爆発,超新星,https://ja.wikipedia.org/wiki/超新星爆発,4,0
899,2月11日,物理学者,https://ja.wikipedia.org/wiki/2月11日,4,0
900,井上陽水,坂本龍一,https://ja.wikipedia.org/wiki/井上陽水,4,0
901,旭川市,横須賀市,https://ja.wikipedia.org/wiki/旭川市,4,0
75,GNU Free Documentation License,パブリックドメイン,https://ja.wikipedia.org/wiki/GNU Free Documentation License,5,0
128,スメクティック相,液晶,https://ja.wikipedia.org/wiki/スメクティック相,5,0
129,ネマティック液晶,液晶,https://ja.wikipedia.org/wiki/ネマティック液晶,5,0
275,赤石路代,少女漫画,https://ja.wikipedia.org/wiki/赤石路代,5,0
333,赤松健,熊本県,https://ja.wikipedia.org/wiki/赤松健,5,0
344,田中久仁彦,イラストレーター,https://ja.wikipedia.org/wiki/田中久仁彦,5,0
492,桜玉吉,イラストレーター,https://ja.wikipedia.org/wiki/桜玉吉,5,0
494,永野護,貞本義行,https://ja.wikipedia.org/wiki/永野護,5,0
510,Mozilla Application Suite,パブリックドメイン,https://ja.wikipedia.org/wiki/Mozilla Application Suite,5,0
514,青沼貴子,4コマ漫画,https://ja.wikipedia.org/wiki/青沼貴子,5,0
516,秋月りす,4コマ漫画,https://ja.wikipedia.org/wiki/秋月りす,5,0
529,池上遼一,水木しげる,https://ja.wikipedia.org/wiki/池上遼一,5,0
530,池田理代子,劇画,https://ja.wikipedia.org/wiki/池田理代子,5,0
539,情報・メディア・コミュニケーション,新聞学,https://ja.wikipedia.org/wiki/情報・メディア・コミュニケーション,5,0
542,赤星たみこ,イラストレーター,https://ja.wikipedia.org/wiki/赤星たみこ,5,0
558,石坂啓,日本の漫画家,https://ja.wikipedia.org/wiki/石坂啓,5,0
563,伊東岳彦,イラストレーター,https://ja.wikipedia.org/wiki/伊東岳彦,5,0
568,いまいかおる,イラストレーター,https://ja.wikipedia.org/wiki/いまいかおる,5,0
574,いわしげ孝,劇画,https://ja.wikipedia.org/wiki/いわしげ孝,5,0
603,永福一成,諸星大二郎,https://ja.wikipedia.org/wiki/永福一成,5,0
613,大森葵,ゲームソフト,https://ja.wikipedia.org/wiki/大森葵,5,0
619,岡村賢二,さいとう・たかを,https://ja.wikipedia.org/wiki/岡村賢二,5,0
643,森田まさのり,北条司,https://ja.wikipedia.org/wiki/森田まさのり,5,0
646,川崎のぼる,梶原一騎,https://ja.wikipedia.org/wiki/川崎のぼる,5,0
647,佐々木倫子,旭川市,https://ja.wikipedia.org/wiki/佐々木倫子,5,0
667,満田拓也,MAJOR,https://ja.wikipedia.org/wiki/満田拓也,5,0
693,青年漫画,ホラー漫画,https://ja.wikipedia.org/wiki/青年漫画,5,0
701,グンデル・バルン,ガムラン,https://ja.wikipedia.org/wiki/グンデル・バルン,5,0
702,グンデル・パヌルス,ガムラン,https://ja.wikipedia.org/wiki/グンデル・パヌルス,5,0
720,片山まさゆき,西原理恵子,https://ja.wikipedia.org/wiki/片山まさゆき,5,0
738,衣谷遊,和田慎二,https://ja.wikipedia.org/wiki/衣谷遊,5,0
744,楠桂,一条ゆかり,https://ja.wikipedia.org/wiki/楠桂,5,0
751,現代洋子,一条ゆかり,https://ja.wikipedia.org/wiki/現代洋子,5,0
754,コージィ城倉,梶原一騎,https://ja.wikipedia.org/wiki/コージィ城倉,5,0
761,小林まこと,江口寿史,https://ja.wikipedia.org/wiki/小林まこと,5,0
762,小山ゆう,さいとう・たかを,https://ja.wikipedia.org/wiki/小山ゆう,5,0
773,桜沢エリカ,岡崎京子,https://ja.wikipedia.org/wiki/桜沢エリカ,5,0
775,さくらももこ,尾田栄一郎,https://ja.wikipedia.org/wiki/さくらももこ,5,0
777,佐々木淳子,酒井美羽,https://ja.wikipedia.org/wiki/佐々木淳子,5,0
794,オンラインゲーム,ゲーム,https://ja.wikipedia.org/wiki/オンラインゲーム,5,0
798,クラッカーボール,癇癪玉,https://ja.wikipedia.org/wiki/クラッカーボール,5,0
799,ロールプレイングゲーム,テーブルトークRPG,https://ja.wikipedia.org/wiki/ロールプレイングゲーム,5,0
807,人生ゲーム,チェッカーズ,https://ja.wikipedia.org/wiki/人生ゲーム,5,0
812,魚雷戦ゲーム,ゲーム,https://ja.wikipedia.org/wiki/魚雷戦ゲーム,5,0
863,篠原とおる,新谷かおる,https://ja.wikipedia.org/wiki/篠原とおる,5,0
865,柴田昌弘,和田慎二,https://ja.wikipedia.org/wiki/柴田昌弘,5,0
866,島崎譲,和田慎二,https://ja.wikipedia.org/wiki/島崎譲,5,0
885,貸本漫画,楳図かずお,https://ja.wikipedia.org/wiki/貸本漫画,5,0
902,1980年代,オペレーティングシステム,https://ja.wikipedia.org/wiki/1980年代,5,0
903,高口里純,里中満智子,https://ja.wikipedia.org/wiki/高口里純,5,0
914,高見まこ,寺沢武一,https://ja.wikipedia.org/wiki/高見まこ,5,0
919,田島昭宇,高橋葉介,https://ja.wikipedia.org/wiki/田島昭宇,5,0
921,立原あゆみ,オペレーティングシステム,https://ja.wikipedia.org/wiki/立原あゆみ,5,0
929,ちばてつや,里中満智子,https://ja.wikipedia.org/wiki/ちばてつや,5,0
937,徳弘正也,尾田栄一郎,https://ja.wikipedia.org/wiki/徳弘正也,5,0
938,所十三,高橋葉介,https://ja.wikipedia.org/wiki/所十三,5,0
941,永井豪,里中満智子,https://ja.wikipedia.org/wiki/永井豪,5,0
947,中津賢也,島本和彦,https://ja.wikipedia.org/wiki/中津賢也,5,0
955,西山優里子,和田慎二,https://ja.wikipedia.org/wiki/西山優里子,5,0
961,野中英次,うる星やつら,https://ja.wikipedia.org/wiki/野中英次,5,0
963,野部利雄,椎名高志,https://ja.wikipedia.org/wiki/野部利雄,5,0
971,はしもとみつお,村上もとか,https://ja.wikipedia.org/wiki/はしもとみつお,5,0
974,浜口乃理子,西原理恵子,https://ja.wikipedia.org/wiki/浜口乃理子,5,0
977,原田久仁信,梶原一騎,https://ja.wikipedia.org/wiki/原田久仁信,5,0
978,原哲夫,荒木飛呂彦,https://ja.wikipedia.org/wiki/原哲夫,5,0
982,ドラゴンクエストII,ドラゴンクエストII 悪霊の神々,https://ja.wikipedia.org/wiki/ドラゴンクエストII,5,0
984,メモリ管理,オペレーティングシステム,https://ja.wikipedia.org/wiki/メモリ管理,5,0
985,仮想記憶,プログラミング言語,https://ja.wikipedia.org/wiki/仮想記憶,5,0
994,ドラゴンクエストIII,ドラゴンクエストIII そして伝説へ…,https://ja.wikipedia.org/wiki/ドラゴンクエストIII,5,0
1006,スピノザ,バールーフ・デ・スピノザ,https://ja.wikipedia.org/wiki/スピノザ,5,0
1008,2月21日,365日,https://ja.wikipedia.org/wiki/2月21日,5,0
1011,青山剛昌,あだち充,https://ja.wikipedia.org/wiki/青山剛昌,5,0
1012,ケン・イシイ,スティーヴ・ライヒ,https://ja.wikipedia.org/wiki/ケン・イシイ,5,0
1017,データベース,検索エンジン,https://ja.wikipedia.org/wiki/データベース,5,0
1019,飲料水,食文化,https://ja.wikipedia.org/wiki/飲料水,5,0
1024,Ruby,パブリックドメイン,https://ja.wikipedia.org/wiki/Ruby,5,0
1029,ロードレース (自転車競技),スポーツ,https://ja.wikipedia.org/wiki/ロードレース (自転車競技),5,0
1032,岡田あーみん,椎名高志,https://ja.wikipedia.org/wiki/岡田あーみん,5,0
1036,仮面ライダー555,島本和彦,https://ja.wikipedia.org/wiki/仮面ライダー555,5,0
1045,スタック,文脈自由言語,https://ja.wikipedia.org/wiki/スタック,5,0
1048,羽海野チカ,高橋しん,https://ja.wikipedia.org/wiki/羽海野チカ,5,0
1050,チューバ,チェンバロ,https://ja.wikipedia.org/wiki/チューバ,5,0
1058,コントラバス,チェンバロ,https://ja.wikipedia.org/wiki/コントラバス,5,0
1059,ロックンロール,エルヴィス・プレスリー,https://ja.wikipedia.org/wiki/ロックンロール,5,0
1063,Perl,パブリックドメイン,https://ja.wikipedia.org/wiki/Perl,5,0
1064,日本のプロ野球,旭川市,https://ja.wikipedia.org/wiki/日本のプロ野球,5,0
1068,9月4日,365日,https://ja.wikipedia.org/wiki/9月4日,5,0
1070,一條裕子,江口寿史,https://ja.wikipedia.org/wiki/一條裕子,5,0
1072,イベント駆動型プログラミング,形式言語,https://ja.wikipedia.org/wiki/イベント駆動型プログラミング,5,0
1079,アメリカ文学,文学,https://ja.wikipedia.org/wiki/アメリカ文学,5,0
1081,日本文学,日本伝統芸能,https://ja.wikipedia.org/wiki/日本文学,5,0
1082,筒井康隆,江川達也,https://ja.wikipedia.org/wiki/筒井康隆,5,0
1086,平野耕太,うたたねひろゆき,https://ja.wikipedia.org/wiki/平野耕太,5,0
1090,松浦雅也,ゲームソフト,https://ja.wikipedia.org/wiki/松浦雅也,5,0
1092,よしづきくみち,藤島康介,https://ja.wikipedia.org/wiki/よしづきくみち,5,0
1093,ノーム・チョムスキー,文脈自由文法,https://ja.wikipedia.org/wiki/ノーム・チョムスキー,5,0
1098,石原慎太郎,台東区,https://ja.wikipedia.org/wiki/石原慎太郎,5,0
1104,消滅した政権一覧,国の一覧,https://ja.wikipedia.org/wiki/消滅した政権一覧,5,0
1124,マウンテンバイクレース,スポーツ,https://ja.wikipedia.org/wiki/マウンテンバイクレース,5,0
1141,Haskell,トランプ,https://ja.wikipedia.org/wiki/Haskell,5,0
1149,任天堂,パブリックドメイン,https://ja.wikipedia.org/wiki/任天堂,5,0
1162,コンシューマーゲーム,ゲームのタイトル一覧,https://ja.wikipedia.org/wiki/コンシューマーゲーム,5,0
1167,Mach,パブリックドメイン,https://ja.wikipedia.org/wiki/Mach,5,0
1178,カーネル,スペースシャトル,https://ja.wikipedia.org/wiki/カーネル,5,0
1188,大瀧詠一,松田聖子,https://ja.wikipedia.org/wiki/大瀧詠一,5,0
1199,大島弓子,山岸凉子,https://ja.wikipedia.org/wiki/大島弓子,5,0
1212,セクシーボイスアンドロボ,黒田硫黄,https://ja.wikipedia.org/wiki/セクシーボイスアンドロボ,5,0
1213,大日本天狗党絵詞,黒田硫黄,https://ja.wikipedia.org/wiki/大日本天狗党絵詞,5,0
1228,NeXT,テレビ番組,https://ja.wikipedia.org/wiki/NeXT,5,0
1233,忍者戦隊カクレンジャー,秘密戦隊ゴレンジャー,https://ja.wikipedia.org/wiki/忍者戦隊カクレンジャー,5,0
1234,フルーツバスケット (漫画),一条ゆかり,https://ja.wikipedia.org/wiki/フルーツバスケット (漫画),5,0
1235,忍風戦隊ハリケンジャー,超電子バイオマン,https://ja.wikipedia.org/wiki/忍風戦隊ハリケンジャー,5,0
1238,脳科学,医学,https://ja.wikipedia.org/wiki/脳科学,5,0
1242,2月14日,チェンバロ,https://ja.wikipedia.org/wiki/2月14日,5,0
1247,バトルフィーバーJ,秘密戦隊ゴレンジャー,https://ja.wikipedia.org/wiki/バトルフィーバーJ,5,0
1250,まことちゃん,テレビ番組,https://ja.wikipedia.org/wiki/まことちゃん,5,0
1251,電子戦隊デンジマン,秘密戦隊ゴレンジャー,https://ja.wikipedia.org/wiki/電子戦隊デンジマン,5,0
1252,坂口尚,貞本義行,https://ja.wikipedia.org/wiki/坂口尚,5,0
1260,2月1日,スペースシャトル,https://ja.wikipedia.org/wiki/2月1日,5,0
1261,吾妻ひでお,和田慎二,https://ja.wikipedia.org/wiki/吾妻ひでお,5,0
1262,銃士戦隊フランスファイブ,超電子バイオマン,https://ja.wikipedia.org/wiki/銃士戦隊フランスファイブ,5,0
1266,岩館真理子,一条ゆかり,https://ja.wikipedia.org/wiki/岩館真理子,5,0
1267,H2 (漫画),あだち充,https://ja.wikipedia.org/wiki/H2 (漫画),5,0
1270,山本直樹,江口寿史,https://ja.wikipedia.org/wiki/山本直樹,5,0
1271,みゆき (漫画),鳥山明,https://ja.wikipedia.org/wiki/みゆき (漫画),5,0
1276,内田善美,山岸凉子,https://ja.wikipedia.org/wiki/内田善美,5,0
1279,Java,Peer to Peer,https://ja.wikipedia.org/wiki/Java,5,0
1282,紡木たく,チェッカーズ,https://ja.wikipedia.org/wiki/紡木たく,5,0
1283,ドラゴンクエスト,稲田浩司,https://ja.wikipedia.org/wiki/ドラゴンクエスト,5,0
1288,高野文子,岡崎京子,https://ja.wikipedia.org/wiki/高野文子,5,0
1290,スクウェア (ゲーム会社),台東区,https://ja.wikipedia.org/wiki/スクウェア (ゲーム会社),5,0
1295,山本貴嗣,江口寿史,https://ja.wikipedia.org/wiki/山本貴嗣,5,0
1309,FM TOWNS,液晶,https://ja.wikipedia.org/wiki/FM TOWNS,5,0
1311,藤田和日郎,旭川市,https://ja.wikipedia.org/wiki/藤田和日郎,5,0
1313,雷句誠,皆川亮二,https://ja.wikipedia.org/wiki/雷句誠,5,0
1315,前川たけし,旭川市,https://ja.wikipedia.org/wiki/前川たけし,5,0
1327,和月伸宏,冨樫義博,https://ja.wikipedia.org/wiki/和月伸宏,5,0
1328,エニックス,ドラゴンクエストIII そして伝説へ…,https://ja.wikipedia.org/wiki/エニックス,5,0
1329,フォーミュラ1,村上もとか,https://ja.wikipedia.org/wiki/フォーミュラ1,5,0
1336,福本伸行,江口寿史,https://ja.wikipedia.org/wiki/福本伸行,5,0
1339,調理法,食文化,https://ja.wikipedia.org/wiki/調理法,5,0
1340,山田玲司,藤島康介,https://ja.wikipedia.org/wiki/山田玲司,5,0
1342,藤子不二雄,つのだじろう,https://ja.wikipedia.org/wiki/藤子不二雄,5,0
1348,藤原カムイ,北条司,https://ja.wikipedia.org/wiki/藤原カムイ,5,0
1350,羅川真里茂,藤沢とおる,https://ja.wikipedia.org/wiki/羅川真里茂,5,0
1355,松苗あけみ,一条ゆかり,https://ja.wikipedia.org/wiki/松苗あけみ,5,0
1364,ほりのぶゆき,永野のりこ,https://ja.wikipedia.org/wiki/ほりのぶゆき,5,0
1371,巻来功士,荒木飛呂彦,https://ja.wikipedia.org/wiki/巻来功士,5,0
1384,まつもと泉,桂正和,https://ja.wikipedia.org/wiki/まつもと泉,5,0
1393,プログラム,テレビ番組,https://ja.wikipedia.org/wiki/プログラム,5,0
1394,コンパイラ,正規言語,https://ja.wikipedia.org/wiki/コンパイラ,5,0
1395,松本大洋,吉田秋生,https://ja.wikipedia.org/wiki/松本大洋,5,0
1402,ピンポン (漫画),アップルシード,https://ja.wikipedia.org/wiki/ピンポン (漫画),5,0
1410,仮面ライダーV3,尾瀬あきら,https://ja.wikipedia.org/wiki/仮面ライダーV3,5,0
1413,バンダイナムコエンターテインメント,テレビ番組,https://ja.wikipedia.org/wiki/バンダイナムコエンターテインメント,5,0
1417,バオー来訪者,荒木飛呂彦,https://ja.wikipedia.org/wiki/バオー来訪者,5,0
1418,野球,スポーツ,https://ja.wikipedia.org/wiki/野球,5,0
1419,2月3日,アース・ウィンド・アンド・ファイアー,https://ja.wikipedia.org/wiki/2月3日,5,0
1421,近代オリンピック,シカゴ,https://ja.wikipedia.org/wiki/近代オリンピック,5,0
1429,魔少年ビーティー,荒木飛呂彦,https://ja.wikipedia.org/wiki/魔少年ビーティー,5,0
1434,プロトコル,情報工学,https://ja.wikipedia.org/wiki/プロトコル,5,0
1475,Prolog,文脈自由文法,https://ja.wikipedia.org/wiki/Prolog,5,0
1489,ボードゲーム,トランプ,https://ja.wikipedia.org/wiki/ボードゲーム,5,0
1493,ソースコード,Cascading Style Sheets,https://ja.wikipedia.org/wiki/ソースコード,5,0
1495,囲碁,川原泉,https://ja.wikipedia.org/wiki/囲碁,5,0
1502,スキー,旭川市,https://ja.wikipedia.org/wiki/スキー,5,0
1504,2月15日,台東区,https://ja.wikipedia.org/wiki/2月15日,5,0
1520,1996年,カーペンターズ,https://ja.wikipedia.org/wiki/1996年,5,0
1521,フィンセント・ファン・ゴッホ,地理,https://ja.wikipedia.org/wiki/フィンセント・ファン・ゴッホ,5,0
1525,ソフトウェア,検索エンジン,https://ja.wikipedia.org/wiki/ソフトウェア,5,0
1528,自動車競技,シカゴ,https://ja.wikipedia.org/wiki/自動車競技,5,0
1530,相撲,スポーツ,https://ja.wikipedia.org/wiki/相撲,5,0
1549,セクシーコマンドー外伝 すごいよ!!マサルさん,うすた京介,https://ja.wikipedia.org/wiki/セクシーコマンドー外伝 すごいよ!!マサルさん,5,0
1578,1989年,著作権の保護期間,https://ja.wikipedia.org/wiki/1989年,5,0
1597,3月17日,クラブサン,https://ja.wikipedia.org/wiki/3月17日,5,0
1604,山下達郎,風邪,https://ja.wikipedia.org/wiki/山下達郎,5,0
1608,12月8日,社会学者の一覧,https://ja.wikipedia.org/wiki/12月8日,5,0
1625,カメラ,著作権の保護期間,https://ja.wikipedia.org/wiki/カメラ,5,0
1636,パブロ・ピカソ,シカゴ,https://ja.wikipedia.org/wiki/パブロ・ピカソ,5,0
1646,かくれんぼ,こどもの文化,https://ja.wikipedia.org/wiki/かくれんぼ,5,0
1647,鬼ごっこ,ハンカチ落し,https://ja.wikipedia.org/wiki/鬼ごっこ,5,0
1657,1970年代,スティーヴ・ライヒ,https://ja.wikipedia.org/wiki/1970年代,5,0
1660,1950年代,エルヴィス・プレスリー,https://ja.wikipedia.org/wiki/1950年代,5,0
1674,坊つちやん,江川達也,https://ja.wikipedia.org/wiki/坊つちやん,5,0
1679,コンピュータ,情報工学,https://ja.wikipedia.org/wiki/コンピュータ,5,0
1689,Extensible HyperText Markup Language,Cascading Style Sheets,https://ja.wikipedia.org/wiki/Extensible HyperText Markup Language,5,0
1690,Extensible Markup Language,アンパサンド,https://ja.wikipedia.org/wiki/Extensible Markup Language,5,0
1710,6月,松田聖子,https://ja.wikipedia.org/wiki/6月,5,0
1713,電子メール,Peer to Peer,https://ja.wikipedia.org/wiki/電子メール,5,0
1714,8月,井上陽水,https://ja.wikipedia.org/wiki/8月,5,0
1719,9月,両国国技館,https://ja.wikipedia.org/wiki/9月,5,0
1733,スラッシュドット,Cascading Style Sheets,https://ja.wikipedia.org/wiki/スラッシュドット,5,0
1746,大陸,国の一覧 (大陸別),https://ja.wikipedia.org/wiki/大陸,5,0
1747,教育学,経営学,https://ja.wikipedia.org/wiki/教育学,5,0
1750,マクドナルド,シカゴ,https://ja.wikipedia.org/wiki/マクドナルド,5,0
1757,フィールドゲーム,こどもの文化,https://ja.wikipedia.org/wiki/フィールドゲーム,5,0
1758,インドアゲーム,こどもの文化,https://ja.wikipedia.org/wiki/インドアゲーム,5,0
1772,鳥人戦隊ジェットマン,超電子バイオマン,https://ja.wikipedia.org/wiki/鳥人戦隊ジェットマン,5,0
1780,2月2日,宗教学,https://ja.wikipedia.org/wiki/2月2日,5,0
1781,2月4日,高橋陽一,https://ja.wikipedia.org/wiki/2月4日,5,0
1782,2月5日,こせきこうじ,https://ja.wikipedia.org/wiki/2月5日,5,0
1784,2月7日,社会学者の一覧,https://ja.wikipedia.org/wiki/2月7日,5,0
1789,昭和,松田聖子,https://ja.wikipedia.org/wiki/昭和,5,0
1790,2月18日,社会学者の一覧,https://ja.wikipedia.org/wiki/2月18日,5,0
1793,2月22日,社会学者の一覧,https://ja.wikipedia.org/wiki/2月22日,5,0
1802,シンセサイザー,ミニマル・ミュージック,https://ja.wikipedia.org/wiki/シンセサイザー,5,0
1819,宇多田ヒカル,東京スカパラダイスオーケストラ,https://ja.wikipedia.org/wiki/宇多田ヒカル,5,0
1824,1月19日,社会学者の一覧,https://ja.wikipedia.org/wiki/1月19日,5,0
1832,テーブルゲーム,テーブルトークRPG,https://ja.wikipedia.org/wiki/テーブルゲーム,5,0
1833,1975年,カーペンターズ,https://ja.wikipedia.org/wiki/1975年,5,0
1838,PocketStation,封神演義,https://ja.wikipedia.org/wiki/PocketStation,5,0
1843,9月23日,社会学者の一覧,https://ja.wikipedia.org/wiki/9月23日,5,0
1844,気象予報士,地理,https://ja.wikipedia.org/wiki/気象予報士,5,0
1847,21エモン,つのだじろう,https://ja.wikipedia.org/wiki/21エモン,5,0
1850,出渕裕,麻宮騎亜,https://ja.wikipedia.org/wiki/出渕裕,5,0
1851,井上雄彦,北条司,https://ja.wikipedia.org/wiki/井上雄彦,5,0
1854,ひおあきら,すがやみつる,https://ja.wikipedia.org/wiki/ひおあきら,5,0
1861,平松伸二,高橋陽一,https://ja.wikipedia.org/wiki/平松伸二,5,0
1864,美内すずえ,酒井美羽,https://ja.wikipedia.org/wiki/美内すずえ,5,0
1867,水島新司,里中満智子,https://ja.wikipedia.org/wiki/水島新司,5,0
1879,迎夏生,あろひろし,https://ja.wikipedia.org/wiki/迎夏生,5,0
1881,村枝賢一,椎名高志,https://ja.wikipedia.org/wiki/村枝賢一,5,0
1883,MEIMU,克・亜樹,https://ja.wikipedia.org/wiki/MEIMU,5,0
1887,本島幸久,きくち正太,https://ja.wikipedia.org/wiki/本島幸久,5,0
1903,中華人民共和国,ラマダーン,https://ja.wikipedia.org/wiki/中華人民共和国,5,0
1906,仮面ライダー,すがやみつる,https://ja.wikipedia.org/wiki/仮面ライダー,5,0
1919,1977年,カーペンターズ,https://ja.wikipedia.org/wiki/1977年,5,0
1921,1974年,両国国技館,https://ja.wikipedia.org/wiki/1974年,5,0
1922,1972年,カーペンターズ,https://ja.wikipedia.org/wiki/1972年,5,0
1927,1967年,柴田亜美,https://ja.wikipedia.org/wiki/1967年,5,0
1928,1966年,東京スカパラダイスオーケストラ,https://ja.wikipedia.org/wiki/1966年,5,0
1929,1965年,高河ゆん,https://ja.wikipedia.org/wiki/1965年,5,0
1930,1964年,藤島康介,https://ja.wikipedia.org/wiki/1964年,5,0
1931,1963年,岡崎京子,https://ja.wikipedia.org/wiki/1963年,5,0
1932,1962年,黒岩よしひろ,https://ja.wikipedia.org/wiki/1962年,5,0
1935,1959年,チェンバロ,https://ja.wikipedia.org/wiki/1959年,5,0
1937,1945年,旭川市,https://ja.wikipedia.org/wiki/1945年,5,0
1938,1955年,ミュージシャン一覧 (グループ),https://ja.wikipedia.org/wiki/1955年,5,0
1939,1957年,板垣恵介,https://ja.wikipedia.org/wiki/1957年,5,0
1950,食事,食文化,https://ja.wikipedia.org/wiki/食事,5,0
1952,デジタルカメラ,著作権の保護期間,https://ja.wikipedia.org/wiki/デジタルカメラ,5,0
1956,量子化学,薬学,https://ja.wikipedia.org/wiki/量子化学,5,0
1960,松任谷由実,松田聖子,https://ja.wikipedia.org/wiki/松任谷由実,5,0
1970,黒澤明,著作権の保護期間,https://ja.wikipedia.org/wiki/黒澤明,5,0
1983,21世紀,著作権の保護期間,https://ja.wikipedia.org/wiki/21世紀,5,0
1997,Standard Generalized Markup Language,Cascading Style Sheets,https://ja.wikipedia.org/wiki/Standard Generalized Markup Language,5,0
2002,シンガーソングライター,井上陽水,https://ja.wikipedia.org/wiki/シンガーソングライター,5,0
2004,4月1日,MAJOR,https://ja.wikipedia.org/wiki/4月1日,5,0
2011,ムーンライダーズ,貞本義行,https://ja.wikipedia.org/wiki/ムーンライダーズ,5,0
2028,JavaScript,Cascading Style Sheets,https://ja.wikipedia.org/wiki/JavaScript,5,0
2051,やまと虹一,桜多吾作,https://ja.wikipedia.org/wiki/やまと虹一,5,0
2067,弓月光,一条ゆかり,https://ja.wikipedia.org/wiki/弓月光,5,0
2071,横山光輝,封神演義,https://ja.wikipedia.org/wiki/横山光輝,5,0
2092,TRONプロジェクト,日常生活,https://ja.wikipedia.org/wiki/TRONプロジェクト,5,0
2105,ピアニスト,チェンバロ,https://ja.wikipedia.org/wiki/ピアニスト,5,0
2112,ビー玉,こどもの文化,https://ja.wikipedia.org/wiki/ビー玉,5,0
2114,だるまさんがころんだ,こどもの文化,https://ja.wikipedia.org/wiki/だるまさんがころんだ,5,0
2116,鉄腕アトム,寺沢武一,https://ja.wikipedia.org/wiki/鉄腕アトム,5,0
2124,テクモ,ゲーム会社一覧,https://ja.wikipedia.org/wiki/テクモ,5,0
2131,ウェブサイト,検索エンジン,https://ja.wikipedia.org/wiki/ウェブサイト,5,0
2133,ウェブページ,Cascading Style Sheets,https://ja.wikipedia.org/wiki/ウェブページ,5,0
2134,ルイージ (ゲームキャラクター),ドラゴンクエストIII そして伝説へ…,https://ja.wikipedia.org/wiki/ルイージ (ゲームキャラクター),5,0
2141,ヴォルフガング・アマデウス・モーツァルト,チェンバロ,https://ja.wikipedia.org/wiki/ヴォルフガング・アマデウス・モーツァルト,5,0
2147,ル・マン24時間レース,聖悠紀,https://ja.wikipedia.org/wiki/ル・マン24時間レース,5,0
2153,仮面ノリダー,チェッカーズ,https://ja.wikipedia.org/wiki/仮面ノリダー,5,0
2157,バイトコード,文脈自由文法,https://ja.wikipedia.org/wiki/バイトコード,5,0
2178,はっぴいえんど,松田聖子,https://ja.wikipedia.org/wiki/はっぴいえんど,5,0
2182,イエロー・マジック・オーケストラ,松田聖子,https://ja.wikipedia.org/wiki/イエロー・マジック・オーケストラ,5,0
2183,細野晴臣,諸星大二郎,https://ja.wikipedia.org/wiki/細野晴臣,5,0
2189,日本レコード大賞,井上陽水,https://ja.wikipedia.org/wiki/日本レコード大賞,5,0
2216,太田垣康男,尾瀬あきら,https://ja.wikipedia.org/wiki/太田垣康男,5,0
2221,シミュレーションゲーム,ゲーム会社一覧,https://ja.wikipedia.org/wiki/シミュレーションゲーム,5,0
2237,海,コケ植物,https://ja.wikipedia.org/wiki/海,5,0
2238,8月16日,高橋陽一,https://ja.wikipedia.org/wiki/8月16日,5,0
2244,構文解析,文脈自由文法,https://ja.wikipedia.org/wiki/構文解析,5,0
2245,長谷川町子,里中満智子,https://ja.wikipedia.org/wiki/長谷川町子,5,0
2246,太陰太陽暦,閏月,https://ja.wikipedia.org/wiki/太陰太陽暦,5,0
2254,BASTARD!! -暗黒の破壊神-,ああっ女神さまっ,https://ja.wikipedia.org/wiki/BASTARD!! -暗黒の破壊神-,5,0
2260,計算機科学,情報工学,https://ja.wikipedia.org/wiki/計算機科学,5,0
2261,イチゴシロップ,食文化,https://ja.wikipedia.org/wiki/イチゴシロップ,5,0
2277,ゴジラ,つのだじろう,https://ja.wikipedia.org/wiki/ゴジラ,5,0
2278,日本国憲法,内閣総理大臣の一覧,https://ja.wikipedia.org/wiki/日本国憲法,5,0
2305,構文解析器,文脈自由文法,https://ja.wikipedia.org/wiki/構文解析器,5,0
2310,カルト,宗教学,https://ja.wikipedia.org/wiki/カルト,5,0
2317,日本の暦,内閣総理大臣の一覧,https://ja.wikipedia.org/wiki/日本の暦,5,0
2326,松本隆,加瀬邦彦,https://ja.wikipedia.org/wiki/松本隆,5,0
2341,松井秀喜,井上陽水,https://ja.wikipedia.org/wiki/松井秀喜,5,0
2358,宇宙刑事ギャバン,藤沢とおる,https://ja.wikipedia.org/wiki/宇宙刑事ギャバン,5,0
2364,アーケードゲーム,ゲーム会社一覧,https://ja.wikipedia.org/wiki/アーケードゲーム,5,0
2372,にらめっこ,こどもの文化,https://ja.wikipedia.org/wiki/にらめっこ,5,0
2380,Safari,Cascading Style Sheets,https://ja.wikipedia.org/wiki/Safari,5,0
2397,ちみもりを,高屋良樹,https://ja.wikipedia.org/wiki/ちみもりを,5,0
2399,冥王計画ゼオライマー,高屋良樹,https://ja.wikipedia.org/wiki/冥王計画ゼオライマー,5,0
2407,5月1日,高橋陽一,https://ja.wikipedia.org/wiki/5月1日,5,0
2424,110,台東区,https://ja.wikipedia.org/wiki/110,5,0
2428,国名コード,国の一覧,https://ja.wikipedia.org/wiki/国名コード,5,0
2445,陸,地理,https://ja.wikipedia.org/wiki/陸,5,0
2454,マイクロソフト,検索エンジン,https://ja.wikipedia.org/wiki/マイクロソフト,5,0
2459,World Wide Web,検索エンジン,https://ja.wikipedia.org/wiki/World Wide Web,5,0
2485,3月20日,薬学,https://ja.wikipedia.org/wiki/3月20日,5,0
2486,ジョン・レノン,イエスタデイ,https://ja.wikipedia.org/wiki/ジョン・レノン,5,0
2496,とんねるずのみなさんのおかげです,チェッカーズ,https://ja.wikipedia.org/wiki/とんねるずのみなさんのおかげです,5,0
2497,とんねるず,チェッカーズ,https://ja.wikipedia.org/wiki/とんねるず,5,0
2509,1908年,杉浦茂,https://ja.wikipedia.org/wiki/1908年,5,0
2510,1909年,両国国技館,https://ja.wikipedia.org/wiki/1909年,5,0
2512,検索,検索エンジン,https://ja.wikipedia.org/wiki/検索,5,0
2514,ソート,情報工学,https://ja.wikipedia.org/wiki/ソート,5,0
2519,1914年,チェンバロ,https://ja.wikipedia.org/wiki/1914年,5,0
2526,1921年,バンドネオン,https://ja.wikipedia.org/wiki/1921年,5,0
2534,1929年,薬学,https://ja.wikipedia.org/wiki/1929年,5,0
2542,1936年,スティーヴ・ライヒ,https://ja.wikipedia.org/wiki/1936年,5,0
2550,1941年,加瀬邦彦,https://ja.wikipedia.org/wiki/1941年,5,0
2556,川村結花,東京スカパラダイスオーケストラ,https://ja.wikipedia.org/wiki/川村結花,5,0
2557,1948年,井上陽水,https://ja.wikipedia.org/wiki/1948年,5,0
2558,1949年,聖悠紀,https://ja.wikipedia.org/wiki/1949年,5,0
2560,1950年,カーペンターズ,https://ja.wikipedia.org/wiki/1950年,5,0
2561,1951年,村上もとか,https://ja.wikipedia.org/wiki/1951年,5,0
2564,1956年,吉田秋生,https://ja.wikipedia.org/wiki/1956年,5,0
2602,ノーベル経済学賞,政治学,https://ja.wikipedia.org/wiki/ノーベル経済学賞,5,0
2665,アニメ関係者一覧,貞本義行,https://ja.wikipedia.org/wiki/アニメ関係者一覧,5,0
2705,統一地方選挙,内閣総理大臣の一覧,https://ja.wikipedia.org/wiki/統一地方選挙,5,0
2740,江戸時代,一節切,https://ja.wikipedia.org/wiki/江戸時代,5,0
2743,1月7日,風邪,https://ja.wikipedia.org/wiki/1月7日,5,0
2759,神道,日本伝統芸能,https://ja.wikipedia.org/wiki/神道,5,0
2813,ASA,東京スカパラダイスオーケストラ,https://ja.wikipedia.org/wiki/ASA,5,0
2841,GNU General Public License,FAQ,https://ja.wikipedia.org/wiki/GNU General Public License,5,0
2868,データ圧縮,文脈自由文法,https://ja.wikipedia.org/wiki/データ圧縮,5,0
2872,ペルー,サンバ,https://ja.wikipedia.org/wiki/ペルー,5,0
2877,22世紀,閏月,https://ja.wikipedia.org/wiki/22世紀,5,0
2884,茄子 (漫画),黒田硫黄,https://ja.wikipedia.org/wiki/茄子 (漫画),5,0
2886,食材,食文化,https://ja.wikipedia.org/wiki/食材,5,0
2934,正規表現,正規言語,https://ja.wikipedia.org/wiki/正規表現,5,0
2957,日本代表,日本の交通,https://ja.wikipedia.org/wiki/日本代表,5,0
2964,パソコン通信,永野のりこ,https://ja.wikipedia.org/wiki/パソコン通信,5,0
3018,経世済民,政治学,https://ja.wikipedia.org/wiki/経世済民,5,0
3028,調理,食文化,https://ja.wikipedia.org/wiki/調理,5,0
3065,5月5日,冨樫義博,https://ja.wikipedia.org/wiki/5月5日,5,0
3086,フレデリック・ショパン,スティーヴ・ライヒ,https://ja.wikipedia.org/wiki/フレデリック・ショパン,5,0
3110,時代劇,将軍,https://ja.wikipedia.org/wiki/時代劇,5,0
3120,3月3日,冨樫義博,https://ja.wikipedia.org/wiki/3月3日,5,0
3121,白浜町,兼六園,https://ja.wikipedia.org/wiki/白浜町,5,0
3123,調味料,食文化,https://ja.wikipedia.org/wiki/調味料,5,0
3127,3月5日,北条司,https://ja.wikipedia.org/wiki/3月5日,5,0
3162,ブロック,電子ブロック,https://ja.wikipedia.org/wiki/ブロック,5,0
3180,エンターテインメント,ゲーム会社一覧,https://ja.wikipedia.org/wiki/エンターテインメント,5,0
3185,分散コンピューティング,Peer to Peer,https://ja.wikipedia.org/wiki/分散コンピューティング,5,0
3208,ハワイ州,食文化,https://ja.wikipedia.org/wiki/ハワイ州,5,0
3213,日本の空港,日本伝統芸能,https://ja.wikipedia.org/wiki/日本の空港,5,0
3219,3月8日,江川達也,https://ja.wikipedia.org/wiki/3月8日,5,0
3223,青野武,ナイトライダー,https://ja.wikipedia.org/wiki/青野武,5,0
3224,池田秀一,ナイトライダー,https://ja.wikipedia.org/wiki/池田秀一,5,0
3225,内海賢二,ナイトライダー,https://ja.wikipedia.org/wiki/内海賢二,5,0
3228,3月10日,藤崎竜,https://ja.wikipedia.org/wiki/3月10日,5,0
3233,オカルト,宗教学,https://ja.wikipedia.org/wiki/オカルト,5,0
3255,3月11日,バンドネオン,https://ja.wikipedia.org/wiki/3月11日,5,0
3278,日常,日常生活,https://ja.wikipedia.org/wiki/日常,5,0
3303,ダイヤモンドは砕けない,アース・ウィンド・アンド・ファイアー,https://ja.wikipedia.org/wiki/ダイヤモンドは砕けない,5,0
3317,ユリウス暦,閏月,https://ja.wikipedia.org/wiki/ユリウス暦,5,0
3342,風,コケ植物,https://ja.wikipedia.org/wiki/風,5,0
3346,行政,政治学,https://ja.wikipedia.org/wiki/行政,5,0
3372,音楽理論,ミニマル・ミュージック,https://ja.wikipedia.org/wiki/音楽理論,5,0
3377,英語,ペンシルベニアドイツ語,https://ja.wikipedia.org/wiki/英語,5,0
3383,ジハード,ラマダーン,https://ja.wikipedia.org/wiki/ジハード,5,0
3431,花粉症,風邪,https://ja.wikipedia.org/wiki/花粉症,5,0
3546,11月1日,西原理恵子,https://ja.wikipedia.org/wiki/11月1日,5,0
3547,11月2日,チェッカーズ,https://ja.wikipedia.org/wiki/11月2日,5,0
3549,12月2日,将軍,https://ja.wikipedia.org/wiki/12月2日,5,0
3575,津田沼,国の一覧,https://ja.wikipedia.org/wiki/津田沼,5,0
3588,総武本線,両国国技館,https://ja.wikipedia.org/wiki/総武本線,5,0
3608,日本の漫画家一覧,新井理恵,https://ja.wikipedia.org/wiki/日本の漫画家一覧,5,0
3617,文化,身体装飾,https://ja.wikipedia.org/wiki/文化,5,0
3659,アダルトアニメ,Peer to Peer,https://ja.wikipedia.org/wiki/アダルトアニメ,5,0
3719,果実,コケ植物,https://ja.wikipedia.org/wiki/果実,5,0
3724,受粉,コケ植物,https://ja.wikipedia.org/wiki/受粉,5,0
3731,U2,ミュージシャン一覧 (グループ),https://ja.wikipedia.org/wiki/U2,5,0
3737,ジャワ島,ガムラン,https://ja.wikipedia.org/wiki/ジャワ島,5,0
3739,観音菩薩,封神演義,https://ja.wikipedia.org/wiki/観音菩薩,5,0
3855,ウサーマ・ビン・ラーディン,経営学,https://ja.wikipedia.org/wiki/ウサーマ・ビン・ラーディン,5,0
3870,ドイツ語,ペンシルベニアドイツ語,https://ja.wikipedia.org/wiki/ドイツ語,5,0
3873,国々の一覧 (大陸別),国の一覧 (大陸別),https://ja.wikipedia.org/wiki/国々の一覧 (大陸別),5,0
3877,首都の一覧,国の一覧 (大陸別),https://ja.wikipedia.org/wiki/首都の一覧,5,0
3944,国の大陸別リスト,国の一覧 (大陸別),https://ja.wikipedia.org/wiki/国の大陸別リスト,5,0
3949,空港,経営学,https://ja.wikipedia.org/wiki/空港,5,0
3990,神,バールーフ・デ・スピノザ,https://ja.wikipedia.org/wiki/神,5,0
3991,魔法騎士レイアース,麻宮騎亜,https://ja.wikipedia.org/wiki/魔法騎士レイアース,5,0
3993,3月15日,高橋葉介,https://ja.wikipedia.org/wiki/3月15日,5,0
3994,3月16日,桜多吾作,https://ja.wikipedia.org/wiki/3月16日,5,0
4080,日本の地理,国の一覧 (大陸別),https://ja.wikipedia.org/wiki/日本の地理,5,0
4147,週刊ヤングマガジン,克・亜樹,https://ja.wikipedia.org/wiki/週刊ヤングマガジン,5,0
4148,ビッグコミックスピリッツ,高橋しん,https://ja.wikipedia.org/wiki/ビッグコミックスピリッツ,5,0
4150,漫画サンデー,こせきこうじ,https://ja.wikipedia.org/wiki/漫画サンデー,5,0
4151,漫画アクション,藤沢とおる,https://ja.wikipedia.org/wiki/漫画アクション,5,0
4152,週刊少年マガジン,板垣恵介,https://ja.wikipedia.org/wiki/週刊少年マガジン,5,0
4154,週刊少年サンデー,皆川亮二,https://ja.wikipedia.org/wiki/週刊少年サンデー,5,0
4155,週刊少年チャンピオン,板垣恵介,https://ja.wikipedia.org/wiki/週刊少年チャンピオン,5,0
4156,週刊ヤングジャンプ,藤崎竜,https://ja.wikipedia.org/wiki/週刊ヤングジャンプ,5,0
4157,モーニング (漫画雑誌),藤島康介,https://ja.wikipedia.org/wiki/モーニング (漫画雑誌),5,0
4158,週刊ヤングサンデー,岡崎京子,https://ja.wikipedia.org/wiki/週刊ヤングサンデー,5,0
4159,週刊コミックバンチ,こせきこうじ,https://ja.wikipedia.org/wiki/週刊コミックバンチ,5,0
4160,週刊漫画ゴラク,板垣恵介,https://ja.wikipedia.org/wiki/週刊漫画ゴラク,5,0
4163,花とゆめ,高屋奈月,https://ja.wikipedia.org/wiki/花とゆめ,5,0
4199,1879年,経営学,https://ja.wikipedia.org/wiki/1879年,5,0
4247,仮面ライダーシリーズ,桜多吾作,https://ja.wikipedia.org/wiki/仮面ライダーシリーズ,5,0
4253,17世紀,バールーフ・デ・スピノザ,https://ja.wikipedia.org/wiki/17世紀,5,0
4257,1632年,バールーフ・デ・スピノザ,https://ja.wikipedia.org/wiki/1632年,5,0
4326,16世紀,封神演義,https://ja.wikipedia.org/wiki/16世紀,5,0
4468,紀元前3世紀,エピクロス,https://ja.wikipedia.org/wiki/紀元前3世紀,5,0
4508,スリランカ,ラマダーン,https://ja.wikipedia.org/wiki/スリランカ,5,0
4544,ログアウト文庫,永野のりこ,https://ja.wikipedia.org/wiki/ログアウト文庫,5,0
4548,ギリシア史,クセノポン,https://ja.wikipedia.org/wiki/ギリシア史,5,0
4560,1月5日,黒田硫黄,https://ja.wikipedia.org/wiki/1月5日,5,0
4564,1865年,地理,https://ja.wikipedia.org/wiki/1865年,5,0
4565,1695年,将軍,https://ja.wikipedia.org/wiki/1695年,5,0
4617,ジョージ・ハリスン,イエスタデイ,https://ja.wikipedia.org/wiki/ジョージ・ハリスン,5,0
4638,東京を舞台とした漫画・アニメ作品一覧,両国国技館,https://ja.wikipedia.org/wiki/東京を舞台とした漫画・アニメ作品一覧,5,0
4702,3月24日,将軍,https://ja.wikipedia.org/wiki/3月24日,5,0
4721,プログレッシブ・ロック,ミニマル・ミュージック,https://ja.wikipedia.org/wiki/プログレッシブ・ロック,5,0
4722,川崎フロンターレ,両国国技館,https://ja.wikipedia.org/wiki/川崎フロンターレ,5,0
4729,1月29日,貞本義行,https://ja.wikipedia.org/wiki/1月29日,5,0
4734,4月4日,冨樫義博,https://ja.wikipedia.org/wiki/4月4日,5,0
4753,中学校,日常生活,https://ja.wikipedia.org/wiki/中学校,5,0
4774,1802年,将軍,https://ja.wikipedia.org/wiki/1802年,5,0
4793,1784年,将軍,https://ja.wikipedia.org/wiki/1784年,5,0
4835,1677年,合理主義哲学,https://ja.wikipedia.org/wiki/1677年,5,0
4886,4月23日,杉浦茂,https://ja.wikipedia.org/wiki/4月23日,5,0
4888,4月25日,芦奈野ひとし,https://ja.wikipedia.org/wiki/4月25日,5,0
4889,4月26日,MAJOR,https://ja.wikipedia.org/wiki/4月26日,5,0
4917,レッド・ツェッペリン,黒人音楽,https://ja.wikipedia.org/wiki/レッド・ツェッペリン,5,0
4920,ローリング・ストーンズ,黒人音楽,https://ja.wikipedia.org/wiki/ローリング・ストーンズ,5,0
4922,5月8日,黒岩よしひろ,https://ja.wikipedia.org/wiki/5月8日,5,0
4925,5月12日,MAJOR,https://ja.wikipedia.org/wiki/5月12日,5,0
4937,5月24日,柴田亜美,https://ja.wikipedia.org/wiki/5月24日,5,0
4940,5月27日,あずまきよひこ,https://ja.wikipedia.org/wiki/5月27日,5,0
4943,5月31日,両国国技館,https://ja.wikipedia.org/wiki/5月31日,5,0
4946,6月6日,冨樫義博,https://ja.wikipedia.org/wiki/6月6日,5,0
4947,6月7日,チェッカーズ,https://ja.wikipedia.org/wiki/6月7日,5,0
4949,6月9日,バンドネオン,https://ja.wikipedia.org/wiki/6月9日,5,0
4953,1月9日,風邪,https://ja.wikipedia.org/wiki/1月9日,5,0
4970,セルシウス度,アンパサンド,https://ja.wikipedia.org/wiki/セルシウス度,5,0
4982,宗教一覧,アーミッシュ,https://ja.wikipedia.org/wiki/宗教一覧,5,0
4987,紀元前4世紀,クセノポン,https://ja.wikipedia.org/wiki/紀元前4世紀,5,0
4992,ファンタジー,稲田浩司,https://ja.wikipedia.org/wiki/ファンタジー,5,0
5002,エルフ,RPG,https://ja.wikipedia.org/wiki/エルフ,5,0
5010,ターリバーン,ラマダーン,https://ja.wikipedia.org/wiki/ターリバーン,5,0
5025,2世紀,ヘラクレイトス,https://ja.wikipedia.org/wiki/2世紀,5,0
5043,梶井基次郎,風邪,https://ja.wikipedia.org/wiki/梶井基次郎,5,0
5046,千と千尋の神隠し,ガムラン,https://ja.wikipedia.org/wiki/千と千尋の神隠し,5,0
5071,植物,コケ植物,https://ja.wikipedia.org/wiki/植物,5,0
5078,6月15日,うたたねひろゆき,https://ja.wikipedia.org/wiki/6月15日,5,0
5100,6月24日,椎名高志,https://ja.wikipedia.org/wiki/6月24日,5,0
5101,6月25日,MAJOR,https://ja.wikipedia.org/wiki/6月25日,5,0
5110,7月4日,バンドネオン,https://ja.wikipedia.org/wiki/7月4日,5,0
5116,ナイジェリア,ラマダーン,https://ja.wikipedia.org/wiki/ナイジェリア,5,0
5118,華氏,アンパサンド,https://ja.wikipedia.org/wiki/華氏,5,0
5213,自殺・自決・自害した日本の著名人物一覧,加瀬邦彦,https://ja.wikipedia.org/wiki/自殺・自決・自害した日本の著名人物一覧,5,0
5254,大学入学資格検定,地理,https://ja.wikipedia.org/wiki/大学入学資格検定,5,0
5261,国際法,ヘラクレイトス,https://ja.wikipedia.org/wiki/国際法,5,0
5292,松尾芭蕉,風邪,https://ja.wikipedia.org/wiki/松尾芭蕉,5,0
5329,西遊記,杉浦茂,https://ja.wikipedia.org/wiki/西遊記,5,0
5353,金丸信,風邪,https://ja.wikipedia.org/wiki/金丸信,5,0
5386,JXTA,Peer to Peer,https://ja.wikipedia.org/wiki/JXTA,5,0
5429,9月10日,ナイトライダー,https://ja.wikipedia.org/wiki/9月10日,5,0
5491,合理主義哲学者,合理主義哲学,https://ja.wikipedia.org/wiki/合理主義哲学者,5,0
5558,7月20日,MAJOR,https://ja.wikipedia.org/wiki/7月20日,5,0
5589,7月26日,尾瀬あきら,https://ja.wikipedia.org/wiki/7月26日,5,0
5590,7月27日,バールーフ・デ・スピノザ,https://ja.wikipedia.org/wiki/7月27日,5,0
5605,8月17日,MAJOR,https://ja.wikipedia.org/wiki/8月17日,5,0
5615,9月19日,克・亜樹,https://ja.wikipedia.org/wiki/9月19日,5,0
5616,7月5日,皆川亮二,https://ja.wikipedia.org/wiki/7月5日,5,0
5631,アダルトゲーム,麻宮騎亜,https://ja.wikipedia.org/wiki/アダルトゲーム,5,0
5671,9月21日,アース・ウィンド・アンド・ファイアー,https://ja.wikipedia.org/wiki/9月21日,5,0
5672,9月24日,川原泉,https://ja.wikipedia.org/wiki/9月24日,5,0
5708,10月3日,スティーヴ・ライヒ,https://ja.wikipedia.org/wiki/10月3日,5,0
5723,10月21日,唐沢なをき,https://ja.wikipedia.org/wiki/10月21日,5,0
5732,10月30日,バンドネオン,https://ja.wikipedia.org/wiki/10月30日,5,0
5747,作曲家,ミニマル・ミュージック,https://ja.wikipedia.org/wiki/作曲家,5,0
5778,リカちゃん,ヨコハマ買い出し紀行,https://ja.wikipedia.org/wiki/リカちゃん,5,0
5883,アレルギー,風邪,https://ja.wikipedia.org/wiki/アレルギー,5,0
5910,11月5日,MAJOR,https://ja.wikipedia.org/wiki/11月5日,5,0
5924,11月24日,バールーフ・デ・スピノザ,https://ja.wikipedia.org/wiki/11月24日,5,0
5971,To Heart,ああっ女神さまっ,https://ja.wikipedia.org/wiki/To Heart,5,0
5989,重症急性呼吸器症候群,風邪,https://ja.wikipedia.org/wiki/重症急性呼吸器症候群,5,0
6021,本州,国の一覧 (大陸別),https://ja.wikipedia.org/wiki/本州,5,0
6090,エルフ (ブランド),柴田亜美,https://ja.wikipedia.org/wiki/エルフ (ブランド),5,0
6119,国土地理院,地理,https://ja.wikipedia.org/wiki/国土地理院,5,0
6135,プラント・オパール,コケ植物,https://ja.wikipedia.org/wiki/プラント・オパール,5,0
6218,クルディスタン,クセノポン,https://ja.wikipedia.org/wiki/クルディスタン,5,0
6294,無神論,エピクロス,https://ja.wikipedia.org/wiki/無神論,5,0
6440,予約語,正規言語,https://ja.wikipedia.org/wiki/予約語,5,0
6533,名数一覧,封神演義,https://ja.wikipedia.org/wiki/名数一覧,5,0
6549,日本三名園,兼六園,https://ja.wikipedia.org/wiki/日本三名園,5,0
6556,レースゲーム,RPG,https://ja.wikipedia.org/wiki/レースゲーム,5,0
6560,電撃文庫,麻宮騎亜,https://ja.wikipedia.org/wiki/電撃文庫,5,0
6627,バビル2世,聖悠紀,https://ja.wikipedia.org/wiki/バビル2世,5,0
6636,火の鳥 (漫画),聖悠紀,https://ja.wikipedia.org/wiki/火の鳥 (漫画),5,0
6641,ゲーム作品,ゲームのタイトル一覧,https://ja.wikipedia.org/wiki/ゲーム作品,5,0
6683,同位体,超新星爆発,https://ja.wikipedia.org/wiki/同位体,5,0
6769,時雨沢恵一,ああっ女神さまっ,https://ja.wikipedia.org/wiki/時雨沢恵一,5,0
6780,SMAP×SMAP,イエスタデイ,https://ja.wikipedia.org/wiki/SMAP×SMAP,5,0
6791,富士見ファンタジア文庫,うたたねひろゆき,https://ja.wikipedia.org/wiki/富士見ファンタジア文庫,5,0
6823,コンピュータゲームのタイトル一覧,ゲームのタイトル一覧,https://ja.wikipedia.org/wiki/コンピュータゲームのタイトル一覧,5,0
6835,B'z,ミュージシャン一覧 (グループ),https://ja.wikipedia.org/wiki/B'z,5,0
6923,構造主義,合理主義哲学,https://ja.wikipedia.org/wiki/構造主義,5,0
6932,ラテン語,アンパサンド,https://ja.wikipedia.org/wiki/ラテン語,5,0
7008,アトラス (曖昧さ回避),ドラゴンクエストII 悪霊の神々,https://ja.wikipedia.org/wiki/アトラス (曖昧さ回避),5,0
7012,人権,ヘラクレイトス,https://ja.wikipedia.org/wiki/人権,5,0
7090,鉄,超新星爆発,https://ja.wikipedia.org/wiki/鉄,5,0
7113,イマヌエル・カント,合理主義哲学,https://ja.wikipedia.org/wiki/イマヌエル・カント,5,0
7120,鈴木嘉和,アース・ウィンド・アンド・ファイアー,https://ja.wikipedia.org/wiki/鈴木嘉和,5,0
7136,特撮テレビ番組一覧,ナイトライダー,https://ja.wikipedia.org/wiki/特撮テレビ番組一覧,5,0
7208,日本標準時,日常生活,https://ja.wikipedia.org/wiki/日本標準時,5,0
7212,京都市,大山和栄,https://ja.wikipedia.org/wiki/京都市,5,0
7284,エヴァンゲリオン (架空の兵器),貞本義行,https://ja.wikipedia.org/wiki/エヴァンゲリオン (架空の兵器),5,0
7295,元素,ヘラクレイトス,https://ja.wikipedia.org/wiki/元素,5,0
7394,プロテスタント,アーミッシュ,https://ja.wikipedia.org/wiki/プロテスタント,5,0
7430,語族の一覧,ペンシルベニアドイツ語,https://ja.wikipedia.org/wiki/語族の一覧,5,0
7458,コンピュータ略語一覧,Peer to Peer,https://ja.wikipedia.org/wiki/コンピュータ略語一覧,5,0
7548,クイズ番組,FAQ,https://ja.wikipedia.org/wiki/クイズ番組,5,0
7591,クロード・ドビュッシー,ミニマル・ミュージック,https://ja.wikipedia.org/wiki/クロード・ドビュッシー,5,0
7660,Modula-2,アンパサンド,https://ja.wikipedia.org/wiki/Modula-2,5,0
7679,ASCII,アンパサンド,https://ja.wikipedia.org/wiki/ASCII,5,0
7844,モーリス・ラヴェル,ガムラン,https://ja.wikipedia.org/wiki/モーリス・ラヴェル,5,0
7932,ホウ素,超新星爆発,https://ja.wikipedia.org/wiki/ホウ素,5,0
7943,楽器,バンドネオン,https://ja.wikipedia.org/wiki/楽器,5,0
7949,ゲーム機一覧,電子ブロック,https://ja.wikipedia.org/wiki/ゲーム機一覧,5,0
7959,オングストローム,アンパサンド,https://ja.wikipedia.org/wiki/オングストローム,5,0
7962,アナバシス,クセノポン,https://ja.wikipedia.org/wiki/アナバシス,5,0
7963,傭兵,クセノポン,https://ja.wikipedia.org/wiki/傭兵,5,0
7964,クナクサの戦い,クセノポン,https://ja.wikipedia.org/wiki/クナクサの戦い,5,0
7965,ペロポネソス戦争,クセノポン,https://ja.wikipedia.org/wiki/ペロポネソス戦争,5,0
7966,アテナイ,クセノポン,https://ja.wikipedia.org/wiki/アテナイ,5,0
7977,1670年代,兼六園,https://ja.wikipedia.org/wiki/1670年代,5,0
8061,高速道路,日常生活,https://ja.wikipedia.org/wiki/高速道路,5,0
8073,新宿区,井上紀良,https://ja.wikipedia.org/wiki/新宿区,5,0
8087,アイレムソフトウェアエンジニアリング,兼六園,https://ja.wikipedia.org/wiki/アイレムソフトウェアエンジニアリング,5,0
8185,アルキメデス,エピクロス,https://ja.wikipedia.org/wiki/アルキメデス,5,0
8251,江東区,藤島康介,https://ja.wikipedia.org/wiki/江東区,5,0
8282,ウルトラマン,貞本義行,https://ja.wikipedia.org/wiki/ウルトラマン,5,0
8428,童歌,かごめかごめ,https://ja.wikipedia.org/wiki/童歌,5,0
8589,佐藤栄作,尾瀬あきら,https://ja.wikipedia.org/wiki/佐藤栄作,5,0
8611,2ちゃんねらー,Peer to Peer,https://ja.wikipedia.org/wiki/2ちゃんねらー,5,0
8745,麻雀,倉田真由美,https://ja.wikipedia.org/wiki/麻雀,5,0
8761,アリストテレス,エピクロス,https://ja.wikipedia.org/wiki/アリストテレス,5,0
8763,星雲賞,川原泉,https://ja.wikipedia.org/wiki/星雲賞,5,0
8794,高坂希太郎,黒田硫黄,https://ja.wikipedia.org/wiki/高坂希太郎,5,0
105,タイ,ナイジェリア,https://ja.wikipedia.org/wiki/タイ,6,0
127,ネマティック相,ネマティック液晶,https://ja.wikipedia.org/wiki/ネマティック相,6,0
145,アイシャ・ラドワーン,1962年,https://ja.wikipedia.org/wiki/アイシャ・ラドワーン,6,0
170,メーリングリスト,電子メール,https://ja.wikipedia.org/wiki/メーリングリスト,6,0
272,個人,江戸時代,https://ja.wikipedia.org/wiki/個人,6,0
288,津田雅美,相撲,https://ja.wikipedia.org/wiki/津田雅美,6,0
345,鶴田洋久,1964年,https://ja.wikipedia.org/wiki/鶴田洋久,6,0
348,萩原一至,BASTARD!! -暗黒の破壊神-,https://ja.wikipedia.org/wiki/萩原一至,6,0
351,美衣暁,1963年,https://ja.wikipedia.org/wiki/美衣暁,6,0
352,三浦建太郎,週刊少年マガジン,https://ja.wikipedia.org/wiki/三浦建太郎,6,0
465,東京を舞台にした漫画作品,東京を舞台とした漫画・アニメ作品一覧,https://ja.wikipedia.org/wiki/東京を舞台にした漫画作品,6,0
483,篠原千絵,2月15日,https://ja.wikipedia.org/wiki/篠原千絵,6,0
488,玖保キリコ,ビッグコミックスピリッツ,https://ja.wikipedia.org/wiki/玖保キリコ,6,0
495,少年漫画,週刊少年マガジン,https://ja.wikipedia.org/wiki/少年漫画,6,0
512,相原コージ,ほりのぶゆき,https://ja.wikipedia.org/wiki/相原コージ,6,0
513,あおきてつお,週刊少年チャンピオン,https://ja.wikipedia.org/wiki/あおきてつお,6,0
517,朝基まさし,週刊ヤングマガジン,https://ja.wikipedia.org/wiki/朝基まさし,6,0
518,あしべゆうほ,吾妻ひでお,https://ja.wikipedia.org/wiki/あしべゆうほ,6,0
527,飯森広一,7月4日,https://ja.wikipedia.org/wiki/飯森広一,6,0
528,五十嵐浩一,漫画アクション,https://ja.wikipedia.org/wiki/五十嵐浩一,6,0
551,池原しげと,モーニング (漫画雑誌),https://ja.wikipedia.org/wiki/池原しげと,6,0
552,いしいひさいち,漫画アクション,https://ja.wikipedia.org/wiki/いしいひさいち,6,0
555,石川サブロウ,漫画サンデー,https://ja.wikipedia.org/wiki/石川サブロウ,6,0
557,石川優吾,週刊ヤングサンデー,https://ja.wikipedia.org/wiki/石川優吾,6,0
560,石渡治,漫画アクション,https://ja.wikipedia.org/wiki/石渡治,6,0
562,樹なつみ,2月5日,https://ja.wikipedia.org/wiki/樹なつみ,6,0
564,伊藤理佐,漫画アクション,https://ja.wikipedia.org/wiki/伊藤理佐,6,0
571,岩明均,星雲賞,https://ja.wikipedia.org/wiki/岩明均,6,0
575,岩谷テンホー,週刊ヤングサンデー,https://ja.wikipedia.org/wiki/岩谷テンホー,6,0
596,内山まもる,ウルトラマン,https://ja.wikipedia.org/wiki/内山まもる,6,0
601,うるし原智志,アダルトアニメ,https://ja.wikipedia.org/wiki/うるし原智志,6,0
608,大島司,週刊コミックバンチ,https://ja.wikipedia.org/wiki/大島司,6,0
609,大島やすいち,3月24日,https://ja.wikipedia.org/wiki/大島やすいち,6,0
612,大橋薫,楠桂,https://ja.wikipedia.org/wiki/大橋薫,6,0
616,岡崎つぐお,4月23日,https://ja.wikipedia.org/wiki/岡崎つぐお,6,0
620,荻野真,神道,https://ja.wikipedia.org/wiki/荻野真,6,0
659,証券取引所,1月7日,https://ja.wikipedia.org/wiki/証券取引所,6,0
677,株券,6月,https://ja.wikipedia.org/wiki/株券,6,0
679,東証株価指数,任天堂,https://ja.wikipedia.org/wiki/東証株価指数,6,0
690,冬季ねあ,日本の漫画家一覧,https://ja.wikipedia.org/wiki/冬季ねあ,6,0
691,別天荒人,6月25日,https://ja.wikipedia.org/wiki/別天荒人,6,0
696,篳篥,神道,https://ja.wikipedia.org/wiki/篳篥,6,0
697,三線,ハワイ州,https://ja.wikipedia.org/wiki/三線,6,0
705,しげの秀一,フォーミュラ1,https://ja.wikipedia.org/wiki/しげの秀一,6,0
717,加倉井ミサイル,週刊コミックバンチ,https://ja.wikipedia.org/wiki/加倉井ミサイル,6,0
718,かたおか徹治,ウルトラマン,https://ja.wikipedia.org/wiki/かたおか徹治,6,0
722,かどたひろし,PocketStation,https://ja.wikipedia.org/wiki/かどたひろし,6,0
723,金井たつお,週刊漫画ゴラク,https://ja.wikipedia.org/wiki/金井たつお,6,0
730,川原正敏,8月17日,https://ja.wikipedia.org/wiki/川原正敏,6,0
732,神崎将臣,8月17日,https://ja.wikipedia.org/wiki/神崎将臣,6,0
736,喜国雅彦,高見まこ,https://ja.wikipedia.org/wiki/喜国雅彦,6,0
737,北崎拓,7月27日,https://ja.wikipedia.org/wiki/北崎拓,6,0
743,くじらいいく子,週刊コミックバンチ,https://ja.wikipedia.org/wiki/くじらいいく子,6,0
752,郷田マモラ,ヴォルフガング・アマデウス・モーツァルト,https://ja.wikipedia.org/wiki/郷田マモラ,6,0
756,こしたてつひろ,3月8日,https://ja.wikipedia.org/wiki/こしたてつひろ,6,0
801,築山,国土地理院,https://ja.wikipedia.org/wiki/築山,6,0
805,庭師,ヴォルフガング・アマデウス・モーツァルト,https://ja.wikipedia.org/wiki/庭師,6,0
810,野球盤,とんねるず,https://ja.wikipedia.org/wiki/野球盤,6,0
815,大阪近鉄バファローズ,6月15日,https://ja.wikipedia.org/wiki/大阪近鉄バファローズ,6,0
848,ビビアン・スー,9月21日,https://ja.wikipedia.org/wiki/ビビアン・スー,6,0
868,しもさか保,小林まこと,https://ja.wikipedia.org/wiki/しもさか保,6,0
907,高田裕三,片山まさゆき,https://ja.wikipedia.org/wiki/高田裕三,6,0
660,株式,株券,https://ja.wikipedia.org/wiki/株式,7,0
661,株主,東証株価指数,https://ja.wikipedia.org/wiki/株主,7,0
663,利益配当請求権,株券,https://ja.wikipedia.org/wiki/利益配当請求権,7,0
666,株価,証券取引所,https://ja.wikipedia.org/wiki/株価,7,0
671,値幅制限,証券取引所,https://ja.wikipedia.org/wiki/値幅制限,7,0
673,呼び値,証券取引所,https://ja.wikipedia.org/wiki/呼び値,7,0
678,株価指数,東証株価指数,https://ja.wikipedia.org/wiki/株価指数,7,0
703,蛇皮線,三線,https://ja.wikipedia.org/wiki/蛇皮線,7,0
733,神戸さくみ,五十嵐浩一,https://ja.wikipedia.org/wiki/神戸さくみ,7,0
776,佐江明,美衣暁,https://ja.wikipedia.org/wiki/佐江明,7,0
876,曽田正人,北崎拓,https://ja.wikipedia.org/wiki/曽田正人,7,0
662,経営参加権,株式,https://ja.wikipedia.org/wiki/経営参加権,8,0
664,残余財産分配請求権,株主,https://ja.wikipedia.org/wiki/残余財産分配請求権,8,0
668,ストップ高,値幅制限,https://ja.wikipedia.org/wiki/ストップ高,8,0
669,ストップ安,値幅制限,https://ja.wikipedia.org/wiki/ストップ安,8,0
672,呼び値単位,呼び値,https://ja.wikipedia.org/wiki/呼び値単位,8,0
674,配当,株主,https://ja.wikipedia.org/wiki/配当,8,0
675,無配,株式,https://ja.wikipedia.org/wiki/無配,8,0
676,残余財産請求権,残余財産分配請求権,https://ja.wikipedia.org/wiki/残余財産請求権,9,0
